<?xml version="1.0"?>
<doc>
    <assembly>
        <name>Enkoni.Framework.Serialization</name>
    </assembly>
    <members>
        <member name="T:Enkoni.Framework.Serialization.Properties.Resources">
            <summary>
              A strongly-typed resource class, for looking up localized strings, etc.
            </summary>
        </member>
        <member name="P:Enkoni.Framework.Serialization.Properties.Resources.ResourceManager">
            <summary>
              Returns the cached ResourceManager instance used by this class.
            </summary>
        </member>
        <member name="P:Enkoni.Framework.Serialization.Properties.Resources.Culture">
            <summary>
              Overrides the current thread's CurrentUICulture property for all
              resource lookups using this strongly typed resource class.
            </summary>
        </member>
        <member name="P:Enkoni.Framework.Serialization.Properties.Resources.FormatExceptionInvalidBooleanValue">
            <summary>
              Looks up a localized string similar to {0} is not a valid value for Boolean..
            </summary>
        </member>
        <member name="P:Enkoni.Framework.Serialization.Properties.Resources.FormatExceptionInvalidCharValue">
            <summary>
              Looks up a localized string similar to {0} is not a valid value for Char..
            </summary>
        </member>
        <member name="P:Enkoni.Framework.Serialization.Properties.Resources.FormatExceptionInvalidDateTimeValue">
            <summary>
              Looks up a localized string similar to {0} is not a valid value for DateTime..
            </summary>
        </member>
        <member name="P:Enkoni.Framework.Serialization.Properties.Resources.FormatExceptionInvalidFormatting">
            <summary>
              Looks up a localized string similar to {0} is not correctly formatted..
            </summary>
        </member>
        <member name="P:Enkoni.Framework.Serialization.Properties.Resources.FormatExceptionInvalidTypeValue">
            <summary>
              Looks up a localized string similar to {0} is not a valid value for {1}..
            </summary>
        </member>
        <member name="P:Enkoni.Framework.Serialization.Properties.Resources.GuardArgumentMustBeBetween">
            <summary>
              Looks up a localized string similar to Argument must be between {0} and {1}.
            </summary>
        </member>
        <member name="P:Enkoni.Framework.Serialization.Properties.Resources.GuardArgumentMustBeGreaterThan">
            <summary>
              Looks up a localized string similar to Argument must be greater than {0}.
            </summary>
        </member>
        <member name="P:Enkoni.Framework.Serialization.Properties.Resources.GuardArgumentMustBeGreaterThanOrEqualTo">
            <summary>
              Looks up a localized string similar to Argument must be greater than or equal to {0}.
            </summary>
        </member>
        <member name="P:Enkoni.Framework.Serialization.Properties.Resources.GuardArgumentMustBeLowerThan">
            <summary>
              Looks up a localized string similar to Argument must be lower than {0}.
            </summary>
        </member>
        <member name="P:Enkoni.Framework.Serialization.Properties.Resources.GuardArgumentMustBeLowerThanOrEqualTo">
            <summary>
              Looks up a localized string similar to Argument must be lower than or equal to {0}.
            </summary>
        </member>
        <member name="P:Enkoni.Framework.Serialization.Properties.Resources.GuardArgumentMustBeOfType">
            <summary>
              Looks up a localized string similar to Argument is not of the expected type.
            </summary>
        </member>
        <member name="P:Enkoni.Framework.Serialization.Properties.Resources.GuardArgumentMustBeValidEnum">
            <summary>
              Looks up a localized string similar to Argument must be a valid enum value.
            </summary>
        </member>
        <member name="P:Enkoni.Framework.Serialization.Properties.Resources.GuardArgumentMustBeValidPath">
            <summary>
              Looks up a localized string similar to Argument must be a valid path.
            </summary>
        </member>
        <member name="P:Enkoni.Framework.Serialization.Properties.Resources.GuardArgumentMustNotBeOfType">
            <summary>
              Looks up a localized string similar to Argument has an illegal type.
            </summary>
        </member>
        <member name="P:Enkoni.Framework.Serialization.Properties.Resources.GuardValueCannotBeEmpty">
            <summary>
              Looks up a localized string similar to Argument cannot be empty.
            </summary>
        </member>
        <member name="P:Enkoni.Framework.Serialization.Properties.Resources.InvalidOperationExceptionInvalidFormatString">
            <summary>
              Looks up a localized string similar to {0} is not a valid format string..
            </summary>
        </member>
        <member name="T:Enkoni.Framework.Serialization.Serializer`1">
            <summary>Provides a base class for a type that is capable of (de)serializing data to and from a specific format.</summary>
            <typeparam name="T">Type of the object that has to be serialized.</typeparam>
        </member>
        <member name="M:Enkoni.Framework.Serialization.Serializer`1.#ctor">
            <summary>Initializes a new instance of the <see cref="T:Enkoni.Framework.Serialization.Serializer`1"/> class.</summary>
        </member>
        <member name="M:Enkoni.Framework.Serialization.Serializer`1.#ctor(Enkoni.Framework.Serialization.Transformer{`0})">
            <summary>Initializes a new instance of the <see cref="T:Enkoni.Framework.Serialization.Serializer`1"/> class.</summary>
            <param name="transformer">The transformer that must be used during the (de)serialization.</param>
        </member>
        <member name="P:Enkoni.Framework.Serialization.Serializer`1.DefaultEncoding">
            <summary>Gets or sets the default encoding that will be used when no encoding is specified.</summary>
        </member>
        <member name="P:Enkoni.Framework.Serialization.Serializer`1.Transformer">
            <summary>Gets or sets the transformer that transforms single objects into a specific format.</summary>
        </member>
        <member name="M:Enkoni.Framework.Serialization.Serializer`1.BeginSerialize(System.Collections.Generic.IEnumerable{`0},System.String,System.AsyncCallback,System.Object)">
            <summary>Begins to serialize the objects to the specified file using a default encoding.</summary>
            <param name="objects">The collection of objects that must be serialized.</param>
            <param name="filePath">The name of the output file.</param>
            <param name="callback">The method to be called when the asynchronous operation is completed.</param>
            <param name="state">A user-provided object that distinguishes this particular asynchronous request from other requests.</param>
            <returns>An <see cref="T:System.IAsyncResult"/> that references the asynchronous operation.</returns>
        </member>
        <member name="M:Enkoni.Framework.Serialization.Serializer`1.BeginSerialize(System.Collections.Generic.IEnumerable{`0},System.String,System.Text.Encoding,System.AsyncCallback,System.Object)">
            <summary>Begins to serialize the objects to the specified file using the specified encoding.</summary>
            <param name="objects">The collection of objects that must be serialized.</param>
            <param name="filePath">The name of the output file.</param>
            <param name="encoding">The encoding that must be used to serialize the data.</param>
            <param name="callback">The method to be called when the asynchronous operation is completed.</param>
            <param name="state">A user-provided object that distinguishes this particular asynchronous request from other requests.</param>
            <returns>An <see cref="T:System.IAsyncResult"/> that references the asynchronous operation.</returns>
        </member>
        <member name="M:Enkoni.Framework.Serialization.Serializer`1.BeginSerialize(System.Collections.Generic.IEnumerable{`0},System.IO.Stream,System.AsyncCallback,System.Object)">
            <summary>Begins to serialize the objects to the specified stream using a default encoding.</summary>
            <param name="objects">The collection of objects that must be serialized.</param>
            <param name="stream">The stream to which the objects must be serialized.</param>
            <param name="callback">The method to be called when the asynchronous operation is completed.</param>
            <param name="state">A user-provided object that distinguishes this particular asynchronous request from other requests.</param>
            <returns>An <see cref="T:System.IAsyncResult"/> that references the asynchronous operation.</returns>
        </member>
        <member name="M:Enkoni.Framework.Serialization.Serializer`1.BeginSerialize(System.Collections.Generic.IEnumerable{`0},System.IO.Stream,System.Text.Encoding,System.AsyncCallback,System.Object)">
            <summary>Begins to serialize the objects to the specified stream using the specified encoding.</summary>
            <param name="objects">The collection of objects that must be serialized.</param>
            <param name="stream">The stream to which the objects must be serialized.</param>
            <param name="encoding">The encoding that must be used to serialize the data.</param>
            <param name="callback">The method to be called when the asynchronous operation is completed.</param>
            <param name="state">A user-provided object that distinguishes this particular asynchronous request from other requests.</param>
            <returns>An <see cref="T:System.IAsyncResult"/> that references the asynchronous operation.</returns>
        </member>
        <member name="M:Enkoni.Framework.Serialization.Serializer`1.EndSerialize(System.IAsyncResult)">
            <summary>Waits for the pending asynchronous serialize operation to complete. If an exception was thrown during the execution of the
            asynchronous operation, it is rethrown when invoking this method.</summary>
            <param name="asyncResult">The reference to the pending asynchronous request to wait for.</param>
            <returns>The number of bytes that have been written to the file or stream.</returns>
        </member>
        <member name="M:Enkoni.Framework.Serialization.Serializer`1.BeginDeserialize(System.String,System.AsyncCallback,System.Object)">
            <summary>Begins to deserialize the objects from the specified file using a default encoding.</summary>
            <param name="filePath">The name of the input file.</param>
            <param name="callback">The method to be called when the asynchronous operation is completed.</param>
            <param name="state">A user-provided object that distinguishes this particular asynchronous request from other requests.</param>
            <returns>An <see cref="T:System.IAsyncResult"/> that references the asynchronous operation.</returns>
        </member>
        <member name="M:Enkoni.Framework.Serialization.Serializer`1.BeginDeserialize(System.String,System.Text.Encoding,System.AsyncCallback,System.Object)">
            <summary>Begins to deserialize the objects from the specified file using the specified encoding.</summary>
            <param name="filePath">The name of the input file.</param>
            <param name="encoding">The encoding that must be used to deserialize the data.</param>
            <param name="callback">The method to be called when the asynchronous operation is completed.</param>
            <param name="state">A user-provided object that distinguishes this particular asynchronous request from other requests.</param>
            <returns>An <see cref="T:System.IAsyncResult"/> that references the asynchronous operation.</returns>
        </member>
        <member name="M:Enkoni.Framework.Serialization.Serializer`1.BeginDeserialize(System.IO.Stream,System.AsyncCallback,System.Object)">
            <summary>Begins to deserialize the objects from the specified stream using a default encoding.</summary>
            <param name="stream">The stream to which the objects must be serialized.</param>
            <param name="callback">The method to be called when the asynchronous operation is completed.</param>
            <param name="state">A user-provided object that distinguishes this particular asynchronous request from other requests.</param>
            <returns>An <see cref="T:System.IAsyncResult"/> that references the asynchronous operation.</returns>
        </member>
        <member name="M:Enkoni.Framework.Serialization.Serializer`1.BeginDeserialize(System.IO.Stream,System.Text.Encoding,System.AsyncCallback,System.Object)">
            <summary>Begins to deserialize the objects from the specified stream using the specified encoding.</summary>
            <param name="stream">The stream to which the objects must be serialized.</param>
            <param name="encoding">The encoding that must be used to serialize the data.</param>
            <param name="callback">The method to be called when the asynchronous operation is completed.</param>
            <param name="state">A user-provided object that distinguishes this particular asynchronous request from other requests.</param>
            <returns>An <see cref="T:System.IAsyncResult"/> that references the asynchronous operation.</returns>
        </member>
        <member name="M:Enkoni.Framework.Serialization.Serializer`1.EndDeserialize(System.IAsyncResult)">
            <summary>Waits for the pending asynchronous deserialize operation to complete. If an exception was thrown during the execution of the
            asynchronous operation, it is rethrown when invoking this method.</summary>
            <param name="asyncResult">The reference to the pending asynchronous request to wait for.</param>
            <returns>The items that were deserialized from the file or stream.</returns>
        </member>
        <member name="M:Enkoni.Framework.Serialization.Serializer`1.Serialize(System.Collections.Generic.IEnumerable{`0},System.String)">
            <summary>Serializes a list of objects to a file using a default encoding.</summary>
            <param name="objects">The collection of objects that must be serialized.</param>
            <param name="filePath">The name of the output file.</param>
            <returns>The number of bytes that have been written to the file.</returns>
            <exception cref="T:System.ArgumentNullException">The parameter is null.</exception>
            <exception cref="T:System.ArgumentException">The file path is empty or contains illegal characters.</exception>
        </member>
        <member name="M:Enkoni.Framework.Serialization.Serializer`1.Serialize(System.Collections.Generic.IEnumerable{`0},System.String,System.Text.Encoding)">
            <summary>Serializes a list of objects to a file.</summary>
            <param name="objects">The collection of objects that must be serialized.</param>
            <param name="filePath">The name of the output file.</param>
            <param name="encoding">The encoding that must be used to serialize the data.</param>
            <returns>The number of bytes that have been written to the file.</returns>
            <exception cref="T:System.ArgumentNullException">The parameter is null.</exception>
            <exception cref="T:System.ArgumentException">The file path is empty or contains illegal characters.</exception>
        </member>
        <member name="M:Enkoni.Framework.Serialization.Serializer`1.Serialize(System.Collections.Generic.IEnumerable{`0},System.IO.Stream)">
            <summary>Serializes a list of objects to a stream using a default encoding.</summary>
            <param name="objects">The collection of objects that must be serialized.</param>
            <param name="stream">The stream to which the objects must be serialized.</param>
            <returns>The number of bytes that have been written to the stream.</returns>
            <exception cref="T:System.ArgumentNullException">The parameter is null.</exception>
            <exception cref="T:System.ArgumentException">The stream is read-only.</exception>
        </member>
        <member name="M:Enkoni.Framework.Serialization.Serializer`1.Serialize(System.Collections.Generic.IEnumerable{`0},System.IO.Stream,System.Text.Encoding)">
            <summary>Serializes a list of objects to a stream.</summary>
            <param name="objects">The collection of objects that must be serialized.</param>
            <param name="stream">The stream to which the objects must be serialized.</param>
            <param name="encoding">The encoding that must be used to serialize the data.</param>
            <returns>The number of bytes that have been written to the stream.</returns>
            <exception cref="T:System.ArgumentNullException">The parameter is null.</exception>
            <exception cref="T:System.ArgumentException">The stream is read-only.</exception>
        </member>
        <member name="M:Enkoni.Framework.Serialization.Serializer`1.Deserialize(System.String)">
            <summary>Deserializes a CSV to a list of objects using a default encoding of UTF-8.</summary>
            <param name="filePath">File path to csv file.</param>
            <returns>List with objects.</returns>
        </member>
        <member name="M:Enkoni.Framework.Serialization.Serializer`1.Deserialize(System.String,System.Text.Encoding)">
            <summary>Deserializes a CSV to a list of objects.</summary>
            <param name="filePath">File path to csv file.</param>
            <param name="encoding">The encoding that must be used to deserialize the data.</param>
            <returns>List with objects.</returns>
        </member>
        <member name="M:Enkoni.Framework.Serialization.Serializer`1.Deserialize(System.IO.Stream)">
            <summary>Deserializes CSV data to a list of objects using a default encoding of UTF-8.</summary>
            <param name="stream">The stream that contains the csv data.</param>
            <returns>List with objects.</returns>
        </member>
        <member name="M:Enkoni.Framework.Serialization.Serializer`1.Deserialize(System.IO.Stream,System.Text.Encoding)">
            <summary>Deserializes a CSV to a list of objects.</summary>
            <param name="stream">The stream that contains the csv data.</param>
            <param name="encoding">The encoding that must be used to deserialize the data.</param>
            <returns>List with objects.</returns>
        </member>
        <member name="M:Enkoni.Framework.Serialization.Serializer`1.Serialize(System.Collections.Generic.IEnumerable{`0},System.Text.Encoding,System.IO.Stream)">
            <summary>Serializes a collection of items by transforming each item using the <see cref="P:Enkoni.Framework.Serialization.Serializer`1.Transformer"/> property and writing the
            transformed item to the <paramref name="stream"/>. Each item will be separated using the new line character(s) of the current environment.
            </summary>
            <param name="objects">The objects that must be serialized.</param>
            <param name="encoding">The encoding that must be used.</param>
            <param name="stream">The stream to which the serialized items must be sent.</param>
            <returns>The number of bytes that have been written to the stream.</returns>
        </member>
        <member name="M:Enkoni.Framework.Serialization.Serializer`1.Deserialize(System.IO.StreamReader)">
            <summary>Deserializes a collection of objects using the data that is accessible through the specified stream reader.</summary>
            <param name="reader">The object that gives access to the underlying stream.</param>
            <returns>The collection of deserialized objects.</returns>
        </member>
        <member name="M:Enkoni.Framework.Serialization.Serializer`1.SerializeToFileHelper(System.Object)">
            <summary>Executes the <see cref="M:Enkoni.Framework.Serialization.Serializer`1.Serialize(System.Collections.Generic.IEnumerable{`0},System.String,System.Text.Encoding)"/> method in a separate thread. This is used to support
            asynchronous operations.</summary>
            <param name="propertyContainer">The object that holds properties that are required for the asynchronous operation.</param>
        </member>
        <member name="M:Enkoni.Framework.Serialization.Serializer`1.SerializeToStreamHelper(System.Object)">
            <summary>Executes the <see cref="M:Enkoni.Framework.Serialization.Serializer`1.Serialize(System.Collections.Generic.IEnumerable{`0},System.IO.Stream,System.Text.Encoding)"/> method in a separate thread. This is used to support
            asynchronous operations.</summary>
            <param name="propertyContainer">The object that holds properties that are required for the asynchronous operation.</param>
        </member>
        <member name="M:Enkoni.Framework.Serialization.Serializer`1.DeserializeToFileHelper(System.Object)">
            <summary>Executes the <see cref="M:Enkoni.Framework.Serialization.Serializer`1.Deserialize(System.String,System.Text.Encoding)"/> method in a separate thread. This is used to support asynchronous
            operations.</summary>
            <param name="propertyContainer">The object that holds properties that are required for the asynchronous operation.</param>
        </member>
        <member name="M:Enkoni.Framework.Serialization.Serializer`1.DeserializeToStreamHelper(System.Object)">
            <summary>Executes the <see cref="M:Enkoni.Framework.Serialization.Serializer`1.Deserialize(System.IO.Stream,System.Text.Encoding)"/> method in a separate thread. This is used to support asynchronous
            operations.</summary>
            <param name="propertyContainer">The object that holds properties that are required for the asynchronous operation.</param>
        </member>
        <member name="T:Enkoni.Framework.Serialization.Serializer`1.SerializePropertyContainer">
            <summary>Defines a base container that holds the properties that are required during the serialization of objects.</summary>
        </member>
        <member name="P:Enkoni.Framework.Serialization.Serializer`1.SerializePropertyContainer.Objects">
            <summary>Gets or sets the objects that must be serialized.</summary>
        </member>
        <member name="P:Enkoni.Framework.Serialization.Serializer`1.SerializePropertyContainer.Encoding">
            <summary>Gets or sets the encoding that must be used.</summary>
        </member>
        <member name="P:Enkoni.Framework.Serialization.Serializer`1.SerializePropertyContainer.AsyncResult">
            <summary>Gets or sets the asynchronous result object.</summary>
        </member>
        <member name="T:Enkoni.Framework.Serialization.Serializer`1.DeserializePropertyContainer">
            <summary>Defines a base container that holds the properties that are required during the deserialization of objects.</summary>
        </member>
        <member name="P:Enkoni.Framework.Serialization.Serializer`1.DeserializePropertyContainer.Encoding">
            <summary>Gets or sets the encoding that must be used.</summary>
        </member>
        <member name="P:Enkoni.Framework.Serialization.Serializer`1.DeserializePropertyContainer.AsyncResult">
            <summary>Gets or sets the asynchronous result object.</summary>
        </member>
        <member name="T:Enkoni.Framework.Serialization.Serializer`1.SerializeToFilePropertyContainer">
            <summary>Defines a container that holds the properties that are required during the serialization of objects to a file.</summary>
        </member>
        <member name="P:Enkoni.Framework.Serialization.Serializer`1.SerializeToFilePropertyContainer.FilePath">
            <summary>Gets or sets the path to the file that must be used.</summary>
        </member>
        <member name="T:Enkoni.Framework.Serialization.Serializer`1.DeserializeFromFilePropertyContainer">
            <summary>Defines a container that holds the properties that are required during the deserialization of objects from a file.</summary>
        </member>
        <member name="P:Enkoni.Framework.Serialization.Serializer`1.DeserializeFromFilePropertyContainer.FilePath">
            <summary>Gets or sets the path to the file that must be used.</summary>
        </member>
        <member name="T:Enkoni.Framework.Serialization.Serializer`1.SerializeToStreamPropertyContainer">
            <summary>Defines a container that holds the properties that are required during the serialization of objects to a stream.</summary>
        </member>
        <member name="P:Enkoni.Framework.Serialization.Serializer`1.SerializeToStreamPropertyContainer.Stream">
            <summary>Gets or sets the stream that must be used.</summary>
        </member>
        <member name="T:Enkoni.Framework.Serialization.Serializer`1.DeserializeFromStreamPropertyContainer">
            <summary>Defines a container that holds the properties that are required during the deserialization of objects from a stream.</summary>
        </member>
        <member name="P:Enkoni.Framework.Serialization.Serializer`1.DeserializeFromStreamPropertyContainer.Stream">
            <summary>Gets or sets the stream that must be used.</summary>
        </member>
        <member name="T:Enkoni.Framework.Serialization.CsvTransformer`1">
            <summary>Transforms an instance of type <typeparamref name="T"/> to and from CSV data.</summary>
            <typeparam name="T">Type of the object that has to be serialized.</typeparam>
        </member>
        <member name="F:Enkoni.Framework.Serialization.CsvTransformer`1.DefaultFormatRegex">
            <summary>The regex that is used to determine if a format string matches the default format string.</summary>
        </member>
        <member name="F:Enkoni.Framework.Serialization.CsvTransformer`1.TrueFalseFormatRegex">
            <summary>The regex that is used to determine if a format string matches a special true/false format string.</summary>
        </member>
        <member name="F:Enkoni.Framework.Serialization.CsvTransformer`1.separator">
            <summary>The actual separator.</summary>
        </member>
        <member name="F:Enkoni.Framework.Serialization.CsvTransformer`1.separatorArray">
            <summary>The separator wrapped in an array for performance purposes.</summary>
        </member>
        <member name="M:Enkoni.Framework.Serialization.CsvTransformer`1.#ctor">
            <summary>Initializes a new instance of the <see cref="T:Enkoni.Framework.Serialization.CsvTransformer`1"/> class.</summary>
            <exception cref="T:Enkoni.Framework.InvalidTypeParameterException">The specified type-parameter cannot be serialized using this
            serializer.</exception>
            <exception cref="T:System.InvalidOperationException">The specified type-parameter contains illegal metadata that prevents it
            from being (de)serialized.</exception>
        </member>
        <member name="T:Enkoni.Framework.Serialization.CsvTransformer`1.TryParse`1">
            <summary>Defines a delegate that can be used to reference a TryParse-method.</summary>
            <typeparam name="TPropertyType">The type of the out-parameter of the TryParse-method.</typeparam>
            <param name="input">The input string.</param>
            <param name="output">The output value.</param>
            <returns><see langword="true"/> if <paramref name="input"/> was successfully parsed; otherwise, <see langword="false"/>.</returns>
        </member>
        <member name="T:Enkoni.Framework.Serialization.CsvTransformer`1.TryParseFormatted`1">
            <summary>Defines a delegate that can be used to reference a culture-aware TryParse-method.</summary>
            <typeparam name="TPropertyType">The type of the out-parameter of the TryParse-method.</typeparam>
            <param name="input">The input string.</param>
            <param name="styles">The <see cref="T:System.Globalization.NumberStyles"/> that must be passed to the TryParse method.</param>
            <param name="formatProvider">The format provider that must be used.</param>
            <param name="output">The output value.</param>
            <returns><see langword="true"/> if <paramref name="input"/> was successfully parsed; otherwise, <see langword="false"/>.</returns>
        </member>
        <member name="P:Enkoni.Framework.Serialization.CsvTransformer`1.ColumnNameMappings">
            <summary>Gets the mappings of the column names. The dictionary uses the column index as key and column name as value.</summary>
        </member>
        <member name="P:Enkoni.Framework.Serialization.CsvTransformer`1.EmitHeader">
            <summary>Gets or sets a value indicating whether a header-line must be included when serializing the objects.</summary>
        </member>
        <member name="P:Enkoni.Framework.Serialization.CsvTransformer`1.IgnoreHeaderOnRead">
            <summary>Gets or sets a value indicating whether the header should be ignored when reading the file.</summary>
        </member>
        <member name="P:Enkoni.Framework.Serialization.CsvTransformer`1.Separator">
            <summary>Gets or sets the separator-string.</summary>
        </member>
        <member name="P:Enkoni.Framework.Serialization.CsvTransformer`1.PropertyDelegates">
            <summary>Gets the delegates that give access to the properties of the instances that need to be serialized and deserialized.</summary>
        </member>
        <member name="P:Enkoni.Framework.Serialization.CsvTransformer`1.FormatMappings">
            <summary>Gets the mappings of the format strings. The dictionary uses the column index as key and format string as value.</summary>
        </member>
        <member name="P:Enkoni.Framework.Serialization.CsvTransformer`1.NullStringMappings">
            <summary>Gets the mappings of the null strings. The dictionary uses the column index as key and null string as value.</summary>
        </member>
        <member name="P:Enkoni.Framework.Serialization.CsvTransformer`1.CultureMappings">
            <summary>Gets the mappings of the cultures. The dictionary uses the column index as key and culture name as value.</summary>
        </member>
        <member name="M:Enkoni.Framework.Serialization.CsvTransformer`1.ToStringCore(`0)">
            <summary>Transforms <paramref name="instance"/> into a string.</summary>
            <param name="instance">The instance that must be transformed.</param>
            <returns>The string that contains the transformed instance.</returns>
        </member>
        <member name="M:Enkoni.Framework.Serialization.CsvTransformer`1.ToBytesCore(`0,System.Text.Encoding)">
            <summary>Transforms <paramref name="instance"/> into a byte array.</summary>
            <param name="instance">The instance that must be transformed.</param>
            <param name="encoding">The encoding that must be used to transform the instance into bytes.</param>
            <returns>The byte array that contains the transformed instance.</returns>
        </member>
        <member name="M:Enkoni.Framework.Serialization.CsvTransformer`1.ToBytesCore(`0,System.Text.Encoding,System.Byte[],System.Int32)">
            <summary>Transforms <paramref name="instance"/> into a byte array.</summary>
            <param name="instance">The instance that must be transformed.</param>
            <param name="encoding">The encoding that must be used to transform the instance into bytes.</param>
            <param name="bytes">The byte array into which the transformed instance must be stored.</param>
            <param name="offset">The offset in <paramref name="bytes"/>.</param>
            <returns>The number of bytes that were written into <paramref name="bytes"/>.</returns>
        </member>
        <member name="M:Enkoni.Framework.Serialization.CsvTransformer`1.FromStringCore(System.String)">
            <summary>Transforms a string value into an instance of type <typeparamref name="T"/>.</summary>
            <param name="input">The string that must be transformed.</param>
            <returns>The transformed instance.</returns>
        </member>
        <member name="M:Enkoni.Framework.Serialization.CsvTransformer`1.FromBytesCore(System.Byte[],System.Int32,System.Int32,System.Text.Encoding)">
            <summary>Transforms the content of a byte array into an instance of type <typeparamref name="T"/>.</summary>
            <param name="bytes">The byte array whose content must be transformed.</param>
            <param name="offset">The offset from which to start reading bytes.</param>
            <param name="length">The number of bytes that must be read from the array.</param>
            <param name="encoding">The encoding that must be used to transform the bytes.</param>
            <returns>The transformed instance.</returns>
        </member>
        <member name="M:Enkoni.Framework.Serialization.CsvTransformer`1.FromBytesCore(System.Byte[],System.Text.Encoding)">
            <summary>Transforms the content of a byte array into an instance of type <typeparamref name="T"/>.</summary>
            <param name="bytes">The byte array whose content must be transformed.</param>
            <param name="encoding">The encoding that must be used to transform the bytes.</param>
            <returns>The transformed instance.</returns>
        </member>
        <member name="M:Enkoni.Framework.Serialization.CsvTransformer`1.CreateFormatString(System.String)">
            <summary>Creates a format string given the formatting that is applied to the property.</summary>
            <param name="propertyFormat">The formatting as it is applied to the property.</param>
            <returns>The created format string.</returns>
        </member>
        <member name="M:Enkoni.Framework.Serialization.CsvTransformer`1.CreateBooleanFormatString(System.String,System.Nullable{System.Boolean})">
            <summary>Creates a format string given the formatting that is applied to the property.</summary>
            <param name="propertyFormat">The formatting as it is applied to the property.</param>
            <param name="propertyValue">De actual value of the property.</param>
            <returns>The created format string.</returns>
        </member>
        <member name="M:Enkoni.Framework.Serialization.CsvTransformer`1.CreateEnumFormatString(System.String,System.Object,System.Globalization.CultureInfo)">
            <summary>Creates a format string given the formatting that is applied to the property.</summary>
            <param name="propertyFormat">The formatting as it is applied to the property.</param>
            <param name="propertyValue">De actual value of the property.</param>
            <param name="propertyCulture">The culture that must be used.</param>
            <returns>The created format string.</returns>
        </member>
        <member name="M:Enkoni.Framework.Serialization.CsvTransformer`1.CreateCharFormatString(System.String,System.Nullable{System.Char},System.Globalization.CultureInfo)">
            <summary>Creates a format string given the formatting that is applied to the property.</summary>
            <param name="propertyFormat">The formatting as it is applied to the property.</param>
            <param name="propertyValue">De actual value of the property.</param>
            <param name="propertyCulture">The culture that must be used.</param>
            <returns>The created format string.</returns>
        </member>
        <member name="M:Enkoni.Framework.Serialization.CsvTransformer`1.CreateStringFormatString(System.String)">
            <summary>Creates a format string given the formatting that is applied to the property.</summary>
            <param name="propertyFormat">The formatting as it is applied to the property.</param>
            <returns>The created format string.</returns>
        </member>
        <member name="M:Enkoni.Framework.Serialization.CsvTransformer`1.SetPropertyValue(System.Reflection.PropertyInfo,`0,System.String,System.String,System.String)">
            <summary>Set a property value of an object.</summary>
            <param name="propertyInfo">The property that must be assigned.</param>
            <param name="obj">Reference to the object whose property must be assigned.</param>
            <param name="value">The value that must be assigned.</param>
            <param name="formatString">An optional format string that can be used to properly parse the value.</param>
            <param name="cultureName">An optional culture name that can be used to properly parse the value.</param>
            <exception cref="T:System.NotSupportedException">The type of the property that must be assigned is not supported.</exception>
        </member>
        <member name="M:Enkoni.Framework.Serialization.CsvTransformer`1.SetValueTypePropertyValue(System.Reflection.PropertyInfo,`0,System.String,System.String,System.Globalization.CultureInfo)">
            <summary>Set a value type property value of an object.</summary>
            <param name="propertyInfo">The property that must be assigned.</param>
            <param name="obj">Reference to the object whose property must be assigned.</param>
            <param name="value">The value that must be assigned.</param>
            <param name="formatString">An optional format string that can be used to properly parse the value.</param>
            <param name="culture">An optional culture that can be used to properly parse the value.</param>
            <exception cref="T:System.NotSupportedException">The type of the property that must be assigned is not supported.</exception>
        </member>
        <member name="M:Enkoni.Framework.Serialization.CsvTransformer`1.SetBooleanValue(System.Reflection.PropertyInfo,`0,System.String,System.String,System.Globalization.CultureInfo)">
            <summary>Set a property value of type <see cref="T:System.Boolean"/> of an object.</summary>
            <param name="propertyInfo">The property that must be assigned.</param>
            <param name="obj">Reference to the object whose property must be assigned.</param>
            <param name="value">The value that must be assigned.</param>
            <param name="formatString">An optional format string that can be used to properly parse the value.</param>
            <param name="culture">An optional culture name that can be used to properly parse the value.</param>
            <exception cref="T:System.FormatException">The value cannot be recognized as a valid <see cref="T:System.Boolean"/>.</exception>
        </member>
        <member name="M:Enkoni.Framework.Serialization.CsvTransformer`1.SetStringValue(System.Reflection.PropertyInfo,`0,System.String,System.String)">
            <summary>Set a property value of type <see cref="T:System.String"/> of an object.</summary>
            <param name="propertyInfo">The property that must be assigned.</param>
            <param name="obj">Reference to the object whose property must be assigned.</param>
            <param name="value">The value that must be assigned.</param>
            <param name="formatString">An optional format string that can be used to properly parse the value.</param>
            <exception cref="T:System.InvalidOperationException">The format string contains an invalid formatting definition.</exception>
        </member>
        <member name="M:Enkoni.Framework.Serialization.CsvTransformer`1.SetDateTimeValue(System.Reflection.PropertyInfo,`0,System.String,System.String,System.Globalization.CultureInfo)">
            <summary>Set a property value of type <see cref="T:System.DateTime"/> of an object.</summary>
            <param name="propertyInfo">The property that must be assigned.</param>
            <param name="obj">Reference to the object whose property must be assigned.</param>
            <param name="value">The value that must be assigned.</param>
            <param name="formatString">An optional format string that can be used to properly parse the value.</param>
            <param name="culture">An optional culture name that can be used to properly parse the value.</param>
            <exception cref="T:System.FormatException">The value cannot be recognized as a valid <see cref="T:System.DateTime"/>.</exception>
            <exception cref="T:System.InvalidOperationException">The format string contains an invalid formatting definition.</exception>
        </member>
        <member name="M:Enkoni.Framework.Serialization.CsvTransformer`1.SetEnumValue(System.Reflection.PropertyInfo,`0,System.String,System.String,System.Globalization.CultureInfo)">
            <summary>Set a property value of an enum type of an object.</summary>
            <param name="propertyInfo">The property that must be assigned.</param>
            <param name="obj">Reference to the object whose property must be assigned.</param>
            <param name="value">The value that must be assigned.</param>
            <param name="formatString">An optional format string that can be used to properly parse the value.</param>
            <param name="culture">An optional culture name that can be used to properly parse the value.</param>
            <exception cref="T:System.FormatException">The value cannot be recognized as a valid enum value.</exception>
            <exception cref="T:System.InvalidOperationException">The format string contains an invalid formatting definition.</exception>
        </member>
        <member name="M:Enkoni.Framework.Serialization.CsvTransformer`1.SetCharValue(System.Reflection.PropertyInfo,`0,System.String,System.String,System.Globalization.CultureInfo)">
            <summary>Set a property value of a <see cref="T:System.Char"/> type of an object.</summary>
            <param name="propertyInfo">The property that must be assigned.</param>
            <param name="obj">Reference to the object whose property must be assigned.</param>
            <param name="value">The value that must be assigned.</param>
            <param name="formatString">An optional format string that can be used to properly parse the value.</param>
            <param name="culture">An optional culture name that can be used to properly parse the value.</param>
            <exception cref="T:System.FormatException">The value cannot be recognized as a valid <see cref="T:System.Char"/>.</exception>
            <exception cref="T:System.InvalidOperationException">The format string contains an invalid formatting definition.</exception>
        </member>
        <member name="M:Enkoni.Framework.Serialization.CsvTransformer`1.SetPropertyValue``1(System.Reflection.PropertyInfo,`0,System.String,System.String,System.Globalization.CultureInfo,Enkoni.Framework.Serialization.CsvTransformer{`0}.TryParse{``0},Enkoni.Framework.Serialization.CsvTransformer{`0}.TryParseFormatted{``0})">
            <summary>Set a property value of type <typeparamref name="TPropertyType"/> of an object.</summary>
            <typeparam name="TPropertyType">The type of the property that must be set.</typeparam>
            <param name="propertyInfo">The property that must be assigned.</param>
            <param name="obj">Reference to the object whose property must be assigned.</param>
            <param name="value">The value that must be assigned.</param>
            <param name="formatString">An optional format string that can be used to properly parse the value.</param>
            <param name="culture">An optional culture name that can be used to properly parse the value.</param>
            <param name="parseFunc">The delegate that is used to perform the actual parsing.</param>
            <param name="parseFormattedFunc">The delegate that is used to perform the actual culture-aware parsing.</param>
            <exception cref="T:System.FormatException">The value cannot be recognized as a valid <see cref="T:System.Boolean"/>.</exception>
            <exception cref="T:System.InvalidOperationException">The format string contains an invalid formatting definition.</exception>
        </member>
        <member name="T:Enkoni.Framework.Serialization.CsvColumnAttribute">
            <summary>This attribute defines how a property must be serialized and deserialized to and from a column in a CSV file.</summary>
        </member>
        <member name="M:Enkoni.Framework.Serialization.CsvColumnAttribute.#ctor">
            <summary>Initializes a new instance of the <see cref="T:Enkoni.Framework.Serialization.CsvColumnAttribute"/> class using a default field index.</summary>
        </member>
        <member name="M:Enkoni.Framework.Serialization.CsvColumnAttribute.#ctor(System.Int32)">
            <summary>Initializes a new instance of the <see cref="T:Enkoni.Framework.Serialization.CsvColumnAttribute"/> class.</summary>
            <param name="fieldIndex">The index of the field in the CSV file.</param>
        </member>
        <member name="P:Enkoni.Framework.Serialization.CsvColumnAttribute.FieldIndex">
            <summary>Gets the index of the field in the CSV file.</summary>
        </member>
        <member name="P:Enkoni.Framework.Serialization.CsvColumnAttribute.FormatString">
            <summary>Gets or sets the format string that is to be used when parsing the column value.<br />
            De following format strings are supported:<br/>
            <list type="bullet">
              <item>
                <term>XXX</term>
                <description>Serialize the property according to the format. I.e.: '000' in combination with integer value 7 results in "007".</description>
              </item>
              <item>
                <term>[prefix]{0:XXX}[postfix]</term>
                <description>Serialize the property according to the format. I.e.: 'a{0:000}b' in combination with integer value 7 results in "a007b".</description>
              </item>
              <item>
                <term>X or -X (<see cref="T:System.String"/> properties only)</term>
                <description>Serialize the property according to the format. I.e.: '-5' in combination with string value 'abc' results in "abc  ".</description>
              </item>
              <item>
                <term>[prefix]{0,X}[postfix] or [prefix]{0,-X}[postfix] (<see cref="T:System.String"/> properties only)</term>
                <description>Serialize the property according to the format. I.e.: 'y{0,-5}z' in combination with string value 'abc' results in "yabc  z".</description>
              </item>
              <item>
                <term>true:[true string]|false:[false string] (<see cref="T:System.Boolean"/> properties only)</term>
                <description>Serialize the property according to the format. I.e.: 'true:Y|false:N' in combination with boolean value 'True' results in "Y".</description>
              </item>
            </list>
            </summary>
        </member>
        <member name="P:Enkoni.Framework.Serialization.CsvColumnAttribute.NullString">
            <summary>Gets or sets the string that is used to identify a null-value. During serialization, this value is used when the property to which
            this attribute is applied equals <see langword="null"/>. During deserialization, if the serialized value equals this null-string,
            <see langword="null"/> or the default value is used.</summary>
        </member>
        <member name="P:Enkoni.Framework.Serialization.CsvColumnAttribute.CultureName">
            <summary>Gets or sets the name of the culture that must be used to parse the field value. If this property is set, it overrides any
            culture-settings that may have been set in the CsvRecord-attribute.</summary>
        </member>
        <member name="T:Enkoni.Framework.Serialization.CsvRecordAttribute">
            <summary>This attribute defines how an object must be serialized and deserialized to and from a CSV file.</summary>
        </member>
        <member name="M:Enkoni.Framework.Serialization.CsvRecordAttribute.#ctor">
            <summary>Initializes a new instance of the <see cref="T:Enkoni.Framework.Serialization.CsvRecordAttribute"/> class using a default separator.</summary>
        </member>
        <member name="M:Enkoni.Framework.Serialization.CsvRecordAttribute.#ctor(System.Char)">
            <summary>Initializes a new instance of the <see cref="T:Enkoni.Framework.Serialization.CsvRecordAttribute"/> class.</summary>
            <param name="separator">The separator that is used to separate the fields.</param>
        </member>
        <member name="M:Enkoni.Framework.Serialization.CsvRecordAttribute.#ctor(System.String)">
            <summary>Initializes a new instance of the <see cref="T:Enkoni.Framework.Serialization.CsvRecordAttribute"/> class.</summary>
            <param name="separator">The separator that is used to separate the fields.</param>
        </member>
        <member name="P:Enkoni.Framework.Serialization.CsvRecordAttribute.Separator">
            <summary>Gets the separator string. Defaults to ",".</summary>
        </member>
        <member name="P:Enkoni.Framework.Serialization.CsvRecordAttribute.IgnoreHeaderOnRead">
            <summary>Gets or sets a value indicating whether the first line in the file must be ignored when deserializing the object.</summary>
        </member>
        <member name="P:Enkoni.Framework.Serialization.CsvRecordAttribute.WriteHeader">
            <summary>Gets or sets a value indicating whether the header must be included in the file when serializing the object.</summary>
        </member>
        <member name="P:Enkoni.Framework.Serialization.CsvRecordAttribute.CultureName">
            <summary>Gets or sets the name of the culture that must be used to parse the field values.</summary>
        </member>
        <member name="T:Enkoni.Framework.Serialization.CsvSerializer`1">
            <summary>Serializes or deserializes a list of objects to and from a CSV file.</summary>
            <typeparam name="T">Type of the object that has to be serialized.</typeparam>
        </member>
        <member name="M:Enkoni.Framework.Serialization.CsvSerializer`1.#ctor">
            <summary>Initializes a new instance of the <see cref="T:Enkoni.Framework.Serialization.CsvSerializer`1"/> class.</summary>
            <exception cref="T:Enkoni.Framework.InvalidTypeParameterException">The specified type-parameter cannot be serialized using this serializer.</exception>
            <exception cref="T:System.InvalidOperationException">The specified type-parameter contains illegal metadata that prevents it from being
            (de)serialized.</exception>
        </member>
        <member name="P:Enkoni.Framework.Serialization.CsvSerializer`1.ColumnNameMappings">
            <summary>Gets the mappings of the column names. The dictionary uses the column index as key and column name as value.</summary>
        </member>
        <member name="P:Enkoni.Framework.Serialization.CsvSerializer`1.EmitHeader">
            <summary>Gets or sets a value indicating whether a header-line must be included when serializing the objects.</summary>
        </member>
        <member name="P:Enkoni.Framework.Serialization.CsvSerializer`1.IgnoreHeaderOnRead">
            <summary>Gets or sets a value indicating whether the header should be ignored when reading the file.</summary>
        </member>
        <member name="P:Enkoni.Framework.Serialization.CsvSerializer`1.Separator">
            <summary>Gets or sets the separator-string.</summary>
        </member>
        <member name="M:Enkoni.Framework.Serialization.CsvSerializer`1.Serialize(System.Collections.Generic.IEnumerable{`0},System.Text.Encoding,System.IO.Stream)">
            <summary>Serializes a collection of items by transforming each item using the <see cref="P:Enkoni.Framework.Serialization.Serializer`1.Transformer"/> property and writing the
            transformed item to the <paramref name="stream"/>. Each item will be separated using the new line character(s) of the current environment.
            </summary>
            <param name="objects">The objects that must be serialized.</param>
            <param name="encoding">The encoding that must be used.</param>
            <param name="stream">The stream to which the serialized items must be sent.</param>
            <returns>The number of bytes that have been written to the stream.</returns>
        </member>
        <member name="M:Enkoni.Framework.Serialization.CsvSerializer`1.Deserialize(System.IO.StreamReader)">
            <summary>Deserializes a collection of objects using the data that is accessible through the specified stream reader.</summary>
            <param name="reader">The object that gives access to the underlying stream.</param>
            <returns>The collection of deserialized objects.</returns>
        </member>
        <member name="T:Enkoni.Framework.Serialization.Transformer`1">
            <summary>Represents a transformer that transforms an instance of <typeparamref name="T"/> into a byte array or string
            and vice versa.</summary>
            <typeparam name="T">The type that must be transformed.</typeparam>
        </member>
        <member name="M:Enkoni.Framework.Serialization.Transformer`1.#ctor">
            <summary>Initializes a new instance of the <see cref="T:Enkoni.Framework.Serialization.Transformer`1"/> class.</summary>
        </member>
        <member name="M:Enkoni.Framework.Serialization.Transformer`1.ToString(`0)">
            <summary>Transforms <paramref name="instance"/> into a string.</summary>
            <param name="instance">The instance that must be transformed.</param>
            <returns>The string that contains the transformed instance.</returns>
            <exception cref="T:System.ArgumentNullException"><paramref name="instance"/> is <see langword="null"/>.</exception>
        </member>
        <member name="M:Enkoni.Framework.Serialization.Transformer`1.ToBytes(`0,System.Text.Encoding)">
            <summary>Transforms <paramref name="instance"/> into a byte array.</summary>
            <param name="instance">The instance that must be transformed.</param>
            <param name="encoding">The encoding that must be used to transform the instance into bytes.</param>
            <returns>The byte array that contains the transformed instance.</returns>
            <exception cref="T:System.ArgumentNullException"><paramref name="instance"/> is <see langword="null"/>.</exception>
            <exception cref="T:System.ArgumentNullException"><paramref name="encoding"/> is <see langword="null"/>.</exception>
        </member>
        <member name="M:Enkoni.Framework.Serialization.Transformer`1.ToBytes(`0,System.Text.Encoding,System.Byte[],System.Int32)">
            <summary>Transforms <paramref name="instance"/> into a byte array.</summary>
            <param name="instance">The instance that must be transformed.</param>
            <param name="encoding">The encoding that must be used to transform the instance into bytes.</param>
            <param name="bytes">The byte array into which the transformed instance must be stored.</param>
            <param name="offset">The offset in <paramref name="bytes"/>.</param>
            <returns>The number of bytes that were written into <paramref name="bytes"/>.</returns>
            <exception cref="T:System.ArgumentException">The byte array has a zero length.</exception>
            <exception cref="T:System.ArgumentOutOfRangeException">The offset is outside the bounds of the byte array.</exception>
            <exception cref="T:System.ArgumentNullException"><paramref name="instance"/> is <see langword="null"/>.</exception>
            <exception cref="T:System.ArgumentNullException"><paramref name="bytes"/> is <see langword="null"/>.</exception>
            <exception cref="T:System.ArgumentNullException"><paramref name="encoding"/> is <see langword="null"/>.</exception>
        </member>
        <member name="M:Enkoni.Framework.Serialization.Transformer`1.FromString(System.String)">
            <summary>Transforms a string value into an instance of type <typeparamref name="T"/>.</summary>
            <param name="input">The string that must be transformed.</param>
            <returns>The transformed instance.</returns>
            <exception cref="T:System.ArgumentNullException"><paramref name="input"/> is <see langword="null"/>.</exception>
        </member>
        <member name="M:Enkoni.Framework.Serialization.Transformer`1.FromBytes(System.Byte[],System.Text.Encoding)">
            <summary>Transforms the content of a byte array into an instance of type <typeparamref name="T"/>.</summary>
            <param name="bytes">The byte array whose content must be transformed.</param>
            <param name="encoding">The encoding that must be used to transform the bytes.</param>
            <returns>The transformed instance.</returns>
            <exception cref="T:System.ArgumentNullException"><paramref name="bytes"/> is <see langword="null"/>.</exception>
            <exception cref="T:System.ArgumentNullException"><paramref name="encoding"/> is <see langword="null"/>.</exception>
            <exception cref="T:System.ArgumentException">The byte array has a length of zero.</exception>
        </member>
        <member name="M:Enkoni.Framework.Serialization.Transformer`1.FromBytes(System.Byte[],System.Int32,System.Int32,System.Text.Encoding)">
            <summary>Transforms the content of a byte array into an instance of type <typeparamref name="T"/>.</summary>
            <param name="bytes">The byte array whose content must be transformed.</param>
            <param name="offset">The offset from which to start reading bytes.</param>
            <param name="length">The number of bytes that must be read from the array.</param>
            <param name="encoding">The encoding that must be used to transform the bytes.</param>
            <returns>The transformed instance.</returns>
            <exception cref="T:System.ArgumentNullException"><paramref name="bytes"/> is <see langword="null"/>.</exception>
            <exception cref="T:System.ArgumentNullException"><paramref name="encoding"/> is <see langword="null"/>.</exception>
            <exception cref="T:System.ArgumentOutOfRangeException">The specified length is less then or equal to zero.</exception>
            <exception cref="T:System.ArgumentOutOfRangeException">The specified offset is negative.</exception>
            <exception cref="T:System.ArgumentOutOfRangeException">The specified offset + length is outside the bounds of the array.
            </exception>
            <exception cref="T:System.ArgumentException">The byte array has a length of zero.</exception>
        </member>
        <member name="M:Enkoni.Framework.Serialization.Transformer`1.ToStringCore(`0)">
            <summary>Transforms <paramref name="instance"/> into a string.</summary>
            <param name="instance">The instance that must be transformed.</param>
            <returns>The string that contains the transformed instance.</returns>
        </member>
        <member name="M:Enkoni.Framework.Serialization.Transformer`1.ToBytesCore(`0,System.Text.Encoding)">
            <summary>Transforms <paramref name="instance"/> into a byte array.</summary>
            <param name="instance">The instance that must be transformed.</param>
            <param name="encoding">The encoding that must be used to transform the instance into bytes.</param>
            <returns>The byte array that contains the transformed instance.</returns>
        </member>
        <member name="M:Enkoni.Framework.Serialization.Transformer`1.ToBytesCore(`0,System.Text.Encoding,System.Byte[],System.Int32)">
            <summary>Transforms <paramref name="instance"/> into a byte array.</summary>
            <param name="instance">The instance that must be transformed.</param>
            <param name="encoding">The encoding that must be used to transform the instance into bytes.</param>
            <param name="bytes">The byte array into which the transformed instance must be stored.</param>
            <param name="offset">The offset in <paramref name="bytes"/>.</param>
            <returns>The number of bytes that were written into <paramref name="bytes"/>.</returns>
        </member>
        <member name="M:Enkoni.Framework.Serialization.Transformer`1.FromStringCore(System.String)">
            <summary>Transforms a string value into an instance of type <typeparamref name="T"/>.</summary>
            <param name="input">The string that must be transformed.</param>
            <returns>The transformed instance.</returns>
        </member>
        <member name="M:Enkoni.Framework.Serialization.Transformer`1.FromBytesCore(System.Byte[],System.Int32,System.Int32,System.Text.Encoding)">
            <summary>Transforms the content of a byte array into an instance of type <typeparamref name="T"/>.</summary>
            <param name="bytes">The byte array whose content must be transformed.</param>
            <param name="offset">The offset from which to start reading bytes.</param>
            <param name="length">The number of bytes that must be read from the array.</param>
            <param name="encoding">The encoding that must be used to transform the bytes.</param>
            <returns>The transformed instance.</returns>
        </member>
        <member name="M:Enkoni.Framework.Serialization.Transformer`1.FromBytesCore(System.Byte[],System.Text.Encoding)">
            <summary>Transforms the content of a byte array into an instance of type <typeparamref name="T"/>.</summary>
            <param name="bytes">The byte array whose content must be transformed.</param>
            <param name="encoding">The encoding that must be used to transform the bytes.</param>
            <returns>The transformed instance.</returns>
        </member>
    </members>
</doc>
