<?xml version="1.0"?>
<doc>
    <assembly>
        <name>Enkoni.Framework.Timers</name>
    </assembly>
    <members>
        <member name="T:Enkoni.Framework.Timers.AlarmClock">
            <summary>Implements a class that is capable of triggering an event at a specific time of day.</summary>
        </member>
        <member name="F:Enkoni.Framework.Timers.AlarmClock.NumberOfMillisecondsPerDay">
            <summary>Defines the number of milliseconds for each 24-hour period.</summary>
        </member>
        <member name="F:Enkoni.Framework.Timers.AlarmClock.timer">
            <summary>The timer that does the actual work.</summary>
        </member>
        <member name="F:Enkoni.Framework.Timers.AlarmClock.isActive">
            <summary>Indicates if the timer is currently active.</summary>
        </member>
        <member name="F:Enkoni.Framework.Timers.AlarmClock.onAlarmHandler">
            <summary>The handler that will be executed when the alarm time has been reached.</summary>
        </member>
        <member name="F:Enkoni.Framework.Timers.AlarmClock.alarmTime">
            <summary>The local time at which the alarm must go off.</summary>
        </member>
        <member name="F:Enkoni.Framework.Timers.AlarmClock.repeat">
            <summary>Indicates if the alarm must go off each time the alarm time has been reached, or just once.</summary>
        </member>
        <member name="F:Enkoni.Framework.Timers.AlarmClock.dateTimeProvider">
            <summary>The object that provides the current date and time.</summary>
        </member>
        <member name="M:Enkoni.Framework.Timers.AlarmClock.#ctor">
            <summary>Initializes a new instance of the <see cref="T:Enkoni.Framework.Timers.AlarmClock"/> class.</summary>
        </member>
        <member name="M:Enkoni.Framework.Timers.AlarmClock.#ctor(Enkoni.Framework.DateTimeProvider)">
            <summary>Initializes a new instance of the <see cref="T:Enkoni.Framework.Timers.AlarmClock"/> class.</summary>
            <param name="dateTimeProvider">The provider that is used to retrieve the current date and time.</param>
        </member>
        <member name="M:Enkoni.Framework.Timers.AlarmClock.#ctor(System.Object)">
            <summary>Initializes a new instance of the <see cref="T:Enkoni.Framework.Timers.AlarmClock"/> class.</summary>
            <param name="state">An object containing information to be used by the callback method, or <see langword="null"/>.</param>
        </member>
        <member name="M:Enkoni.Framework.Timers.AlarmClock.#ctor(System.Object,Enkoni.Framework.DateTimeProvider)">
            <summary>Initializes a new instance of the <see cref="T:Enkoni.Framework.Timers.AlarmClock"/> class.</summary>
            <param name="state">An object containing information to be used by the callback method, or <see langword="null"/>.</param>
            <param name="dateTimeProvider">The provider that is used to retrieve the current date and time.</param>
        </member>
        <member name="M:Enkoni.Framework.Timers.AlarmClock.#ctor(System.TimeSpan)">
            <summary>Initializes a new instance of the <see cref="T:Enkoni.Framework.Timers.AlarmClock"/> class.</summary>
            <param name="alarmTime">The time of day at which the alarm must go off. The time must be in the local time zone.</param>
        </member>
        <member name="M:Enkoni.Framework.Timers.AlarmClock.#ctor(System.TimeSpan,System.Object)">
            <summary>Initializes a new instance of the <see cref="T:Enkoni.Framework.Timers.AlarmClock"/> class.</summary>
            <param name="alarmTime">The time of day at which the alarm must go off. The time must be in the local time zone.</param>
            <param name="state">An object containing information to be used by the callback method, or <see langword="null"/>.</param>
        </member>
        <member name="M:Enkoni.Framework.Timers.AlarmClock.#ctor(System.TimeSpan,System.Object,Enkoni.Framework.DateTimeProvider)">
            <summary>Initializes a new instance of the <see cref="T:Enkoni.Framework.Timers.AlarmClock"/> class.</summary>
            <param name="alarmTime">The time of day at which the alarm must go off. The time must be in the local time zone.</param>
            <param name="state">An object containing information to be used by the callback method, or <see langword="null"/>.</param>
            <param name="dateTimeProvider">The provider that is used to retrieve the current date and time.</param>
        </member>
        <member name="E:Enkoni.Framework.Timers.AlarmClock.OnAlarm">
            <summary>Occurs when the alarm time has been reached.</summary>
        </member>
        <member name="P:Enkoni.Framework.Timers.AlarmClock.AlarmTime">
            <summary>Gets or sets the alarm time for the alarm clock in the local time zone.</summary>
        </member>
        <member name="P:Enkoni.Framework.Timers.AlarmClock.Repeat">
            <summary>Gets or sets a value indicating whether the Alarm Clock must set off an alarm each time the alarm time is reached or just once.</summary>
        </member>
        <member name="M:Enkoni.Framework.Timers.AlarmClock.Start">
            <summary>Starts the alarm clock.</summary>
            <exception cref="T:System.InvalidOperationException">When this instance is already disposed.</exception>
        </member>
        <member name="M:Enkoni.Framework.Timers.AlarmClock.Stop">
            <summary>Stops the alarm clock.</summary>
            <exception cref="T:System.InvalidOperationException">When this instance is already disposed.</exception>
        </member>
        <member name="M:Enkoni.Framework.Timers.AlarmClock.Dispose">
            <summary>Disposes any resources held by this instance.</summary>
        </member>
        <member name="M:Enkoni.Framework.Timers.AlarmClock.DisposeManagedResources">
            <summary>Disposes any resources held by this instance.</summary>
        </member>
        <member name="M:Enkoni.Framework.Timers.AlarmClock.AdjustTimer(System.Object,System.EventArgs)">
            <summary>Adjusts the internal timer after the system time has changed or the properties of this class were changed.</summary>
            <param name="sender">The object that triggered the event.</param>
            <param name="e">Any arguments that may have been passed with the event.</param>
        </member>
        <member name="M:Enkoni.Framework.Timers.AlarmClock.SettOffAlarm(System.Object)">
            <summary>Sets off the alarm when the timer has elapsed.</summary>
            <param name="state">An optional state object that may have been passed in the constructor.</param>
        </member>
        <member name="T:Enkoni.Framework.Timers.Stopwatch">
            <summary>This class is a wrapper around the <see cref="T:System.Diagnostics.Stopwatch"/> class and adds support for recording lap times.</summary>
        </member>
        <member name="F:Enkoni.Framework.Timers.Stopwatch.internalStopwatch">
            <summary>The instance that does the actual work.</summary>
        </member>
        <member name="F:Enkoni.Framework.Timers.Stopwatch.lapTimes">
            <summary>Holds the elapsed time of each lap.</summary>
        </member>
        <member name="F:Enkoni.Framework.Timers.Stopwatch.state">
            <summary>Holds the current state of the stopwatch.</summary>
        </member>
        <member name="M:Enkoni.Framework.Timers.Stopwatch.#ctor">
            <summary>Initializes a new instance of the <see cref="T:Enkoni.Framework.Timers.Stopwatch"/> class.</summary>
        </member>
        <member name="P:Enkoni.Framework.Timers.Stopwatch.LapTimes">
            <summary>Gets the lap times of each completed lap.</summary>
        </member>
        <member name="P:Enkoni.Framework.Timers.Stopwatch.CurrentLapTime">
            <summary>Gets the elapsed time of the current lap.</summary>
        </member>
        <member name="M:Enkoni.Framework.Timers.Stopwatch.Start">
            <summary>Starts or resumes the stopwatch. If the stopwatch was paused before, the current lap will be resumed; otherwise, a new lap is
            started.</summary>
        </member>
        <member name="M:Enkoni.Framework.Timers.Stopwatch.Stop">
            <summary>Stops the stopwatch and saves the elapsed time of the current lap. Restarting the stopwatch will start a new lap.</summary>
        </member>
        <member name="M:Enkoni.Framework.Timers.Stopwatch.Pause">
            <summary>Pauses the stopwatch. Restarting the stopwatch will resume the current lap.</summary>
        </member>
        <member name="M:Enkoni.Framework.Timers.Stopwatch.Resume">
            <summary>Resumes the stopwatch.</summary>
            <remarks><see cref="M:Enkoni.Framework.Timers.Stopwatch.Resume"/> and <see cref="M:Enkoni.Framework.Timers.Stopwatch.Start"/> provide the same functionality. The <see cref="M:Enkoni.Framework.Timers.Stopwatch.Resume"/> method has been added to
            make working with the <see cref="T:Enkoni.Framework.Timers.Stopwatch"/> class more intuitive.</remarks>
        </member>
        <member name="M:Enkoni.Framework.Timers.Stopwatch.Reset">
            <summary>Resets the stopwatch and clears the lap times.</summary>
        </member>
        <member name="M:Enkoni.Framework.Timers.Stopwatch.NewLap">
            <summary>Saves the elapsed time of the current lap and starts recording the lap time of the next lap.</summary>
            <returns>The lap time of the last completed lap.</returns>
        </member>
    </members>
</doc>
