<?xml version="1.0"?>
<doc>
    <assembly>
        <name>Enkoni.Framework.ServiceModel</name>
    </assembly>
    <members>
        <member name="T:Enkoni.Framework.ServiceModel.DisposableServiceBehaviorAttribute">
            <summary>This behavior makes it possible to properly dispose a service instance upon release.</summary>
        </member>
        <member name="M:Enkoni.Framework.ServiceModel.DisposableServiceBehaviorAttribute.#ctor">
            <summary>Initializes a new instance of the <see cref="T:Enkoni.Framework.ServiceModel.DisposableServiceBehaviorAttribute"/> class.</summary>
        </member>
        <member name="M:Enkoni.Framework.ServiceModel.DisposableServiceBehaviorAttribute.AddBindingParameters(System.ServiceModel.Description.ServiceDescription,System.ServiceModel.ServiceHostBase,System.Collections.ObjectModel.Collection{System.ServiceModel.Description.ServiceEndpoint},System.ServiceModel.Channels.BindingParameterCollection)">
            <summary>This method is not implemented.</summary>
            <param name="serviceDescription">The parameter is not used.</param>
            <param name="serviceHostBase">The parameter is not used.</param>
            <param name="endpoints">The parameter is not used.</param>
            <param name="bindingParameters">The parameter is not used.</param>
        </member>
        <member name="M:Enkoni.Framework.ServiceModel.DisposableServiceBehaviorAttribute.ApplyDispatchBehavior(System.ServiceModel.Description.ServiceDescription,System.ServiceModel.ServiceHostBase)">
            <summary>Provides the ability to change run-time property values or insert custom extension objects such as error handlers, message or 
            parameter interceptors, security extensions, and other custom extension objects.<br/>
            This implementation sets the <c>InstanceProvider</c> of each endpoint to an instance of <see cref="T:Enkoni.Framework.ServiceModel.InstanceProvider"/>.</summary>
            <param name="serviceDescription">The service description.</param>
            <param name="serviceHostBase">The host that is currently being built.</param>
            <exception cref="T:System.ArgumentNullException">One or more parameters are null.</exception>
        </member>
        <member name="M:Enkoni.Framework.ServiceModel.DisposableServiceBehaviorAttribute.Validate(System.ServiceModel.Description.ServiceDescription,System.ServiceModel.ServiceHostBase)">
            <summary>Provides the ability to inspect the service host and the service description to confirm that the service can run successfully.<br/>
            This implementation validates if the service type implements the <see cref="T:System.IDisposable"/> interface.</summary>
            <param name="serviceDescription">The service description.</param>
            <param name="serviceHostBase">The host that is currently being constructed.</param>
            <exception cref="T:System.ArgumentNullException"><paramref name="serviceDescription"/> is null.</exception>
            <exception cref="T:System.ArgumentException">The service-implementation does not implement <see cref="T:System.IDisposable"/>.</exception>
        </member>
        <member name="T:Enkoni.Framework.ServiceModel.Extensions">
            <summary>This class contains some extension-methods that apply to ServiceModel-related types.</summary>
        </member>
        <member name="M:Enkoni.Framework.ServiceModel.Extensions.SafeClose``1(System.ServiceModel.ClientBase{``0})">
            <summary>Tries to gracefully close the clientobject. If this fails, it aborts the connection.</summary>
            <typeparam name="TChannel">The channel to be used to connect to the service.</typeparam>
            <param name="source">The instance that is connected to the service.</param>
            <exception cref="T:System.ArgumentNullException"><paramref name="source"/> is null.</exception>
        </member>
        <member name="T:Enkoni.Framework.ServiceModel.FlatWsdlBehaviorAttribute">
            <summary>This class implements a custom endpoint behavior that flattens the automatically generated WSDL into a single document.</summary>
            <remarks>
            The implementation is based on the code of Glav (http://weblogs.asp.net/pglavich/archive/2010/03/16/making-wcf-output-a-single-wsdl-file-for-interop-purposes.aspx).
            </remarks>
        </member>
        <member name="M:Enkoni.Framework.ServiceModel.FlatWsdlBehaviorAttribute.#ctor">
            <summary>Initializes a new instance of the <see cref="T:Enkoni.Framework.ServiceModel.FlatWsdlBehaviorAttribute"/> class.</summary>
        </member>
        <member name="M:Enkoni.Framework.ServiceModel.FlatWsdlBehaviorAttribute.ExportContract(System.ServiceModel.Description.WsdlExporter,System.ServiceModel.Description.WsdlContractConversionContext)">
            <summary> Writes custom Web Services Description Language (WSDL) elements into the generated WSDL for a contract.</summary>
            <param name="exporter">The <see cref="T:System.ServiceModel.Description.WsdlExporter"/> that exports the contract information.</param>
            <param name="context">Provides mappings from exported WSDL elements to the contract description.</param>
        </member>
        <member name="M:Enkoni.Framework.ServiceModel.FlatWsdlBehaviorAttribute.ExportEndpoint(System.ServiceModel.Description.WsdlExporter,System.ServiceModel.Description.WsdlEndpointConversionContext)">
            <summary>Writes custom Web Services Description Language (WSDL) elements into the generated WSDL for an endpoint.</summary>
            <param name="exporter">The <see cref="T:System.ServiceModel.Description.WsdlExporter"/> that exports the endpoint information.</param>
            <param name="context">Provides mappings from exported WSDL elements to the endpoint description.</param>
        </member>
        <member name="M:Enkoni.Framework.ServiceModel.FlatWsdlBehaviorAttribute.AddBindingParameters(System.ServiceModel.Description.ServiceEndpoint,System.ServiceModel.Channels.BindingParameterCollection)">
            <summary>Implement to pass data at runtime to bindings to support custom behavior.</summary>
            <param name="endpoint">The endpoint to modify.</param>
            <param name="bindingParameters">The objects that binding elements require to support the behavior.</param>
        </member>
        <member name="M:Enkoni.Framework.ServiceModel.FlatWsdlBehaviorAttribute.ApplyClientBehavior(System.ServiceModel.Description.ServiceEndpoint,System.ServiceModel.Dispatcher.ClientRuntime)">
            <summary>Implements a modification or extension of the client across an endpoint.</summary>
            <param name="endpoint">The endpoint that is to be customized.</param>
            <param name="clientRuntime">The client runtime to be customized.</param>
        </member>
        <member name="M:Enkoni.Framework.ServiceModel.FlatWsdlBehaviorAttribute.ApplyDispatchBehavior(System.ServiceModel.Description.ServiceEndpoint,System.ServiceModel.Dispatcher.EndpointDispatcher)">
            <summary>Implements a modification or extension of the service across an endpoint.</summary>
            <param name="endpoint">The endpoint that exposes the contract.</param>
            <param name="endpointDispatcher">The endpoint dispatcher to be modified or extended.</param>
        </member>
        <member name="M:Enkoni.Framework.ServiceModel.FlatWsdlBehaviorAttribute.Validate(System.ServiceModel.Description.ServiceEndpoint)">
            <summary>Implement to confirm that the endpoint meets some intended criteria.</summary>
            <param name="endpoint">The endpoint to validate.</param>
        </member>
        <member name="M:Enkoni.Framework.ServiceModel.FlatWsdlBehaviorAttribute.AddImportedSchemas(System.Xml.Schema.XmlSchema,System.Xml.Schema.XmlSchemaSet,System.Collections.Generic.List{System.Xml.Schema.XmlSchema})">
            <summary>Imports a schema and includes it.</summary>
            <param name="schema">The imported schema.</param>
            <param name="schemaSet">The generated XML schema.</param>
            <param name="importsList">The list to which the schema must be added.</param>
        </member>
        <member name="M:Enkoni.Framework.ServiceModel.FlatWsdlBehaviorAttribute.RemoveXsdImports(System.Xml.Schema.XmlSchema)">
            <summary>Removes the imported schemas from the schema.</summary>
            <param name="schema">The schema that must be cleaned.</param>
        </member>
        <member name="T:Enkoni.Framework.ServiceModel.FlatWsdlBehaviorExtensionElement">
            <summary>Implementeert een behavior extension element waarmee de <see cref="T:Enkoni.Framework.ServiceModel.FlatWsdlBehaviorAttribute"/> aan een endpoint kan worden gekoppeld via de 
            configuratie.</summary>
            <remarks>
            The implementation is based on the code of Glav (http://weblogs.asp.net/pglavich/archive/2010/03/16/making-wcf-output-a-single-wsdl-file-for-interop-purposes.aspx).
            </remarks>
        </member>
        <member name="M:Enkoni.Framework.ServiceModel.FlatWsdlBehaviorExtensionElement.#ctor">
            <summary>Initializes a new instance of the <see cref="T:Enkoni.Framework.ServiceModel.FlatWsdlBehaviorExtensionElement"/> class.</summary>
        </member>
        <member name="M:Enkoni.Framework.ServiceModel.FlatWsdlBehaviorExtensionElement.CreateBehavior">
            <summary>Creates a new instance of the behavior.</summary>
            <returns>The created behavior.</returns>
        </member>
        <member name="P:Enkoni.Framework.ServiceModel.FlatWsdlBehaviorExtensionElement.BehaviorType">
            <summary>Gets the type of behavior that is handled by this extension element.</summary>
        </member>
        <member name="T:Enkoni.Framework.ServiceModel.InstanceProvider">
            <summary>This class acts as a default instance provider except that it is able to dispose the service instances upon release.</summary>
        </member>
        <member name="F:Enkoni.Framework.ServiceModel.InstanceProvider.serviceType">
            <summary>The type of the class that implements the service and must be created.</summary>
        </member>
        <member name="M:Enkoni.Framework.ServiceModel.InstanceProvider.#ctor(System.Type)">
            <summary>Initializes a new instance of the <see cref="T:Enkoni.Framework.ServiceModel.InstanceProvider"/> class.</summary>
            <param name="serviceType">The type of service that must be created.</param>
        </member>
        <member name="M:Enkoni.Framework.ServiceModel.InstanceProvider.GetInstance(System.ServiceModel.InstanceContext,System.ServiceModel.Channels.Message)">
            <summary>Returns a service object given the specified <see cref="T:System.ServiceModel.InstanceContext"/> object.</summary>
            <param name="instanceContext">The current <see cref="T:System.ServiceModel.InstanceContext"/> object.</param>
            <param name="message">The message that triggered the creation of a service object.</param>
            <returns>The service object.</returns>
        </member>
        <member name="M:Enkoni.Framework.ServiceModel.InstanceProvider.GetInstance(System.ServiceModel.InstanceContext)">
            <summary>Returns a service object given the specified <see cref="T:System.ServiceModel.InstanceContext"/> object.</summary>
            <param name="instanceContext">The current <see cref="T:System.ServiceModel.InstanceContext"/> object.</param>
            <returns>The service object.</returns>
        </member>
        <member name="M:Enkoni.Framework.ServiceModel.InstanceProvider.ReleaseInstance(System.ServiceModel.InstanceContext,System.Object)">
            <summary>Called when an <see cref="T:System.ServiceModel.InstanceContext"/> object recycles a service object.</summary>
            <param name="instanceContext">The service's instance context.</param>
            <param name="instance">The service object to be recycled.</param>
        </member>
        <member name="T:Enkoni.Framework.ServiceModel.Properties.LogMessages">
            <summary>
              A strongly-typed resource class, for looking up localized strings, etc.
            </summary>
        </member>
        <member name="P:Enkoni.Framework.ServiceModel.Properties.LogMessages.ResourceManager">
            <summary>
              Returns the cached ResourceManager instance used by this class.
            </summary>
        </member>
        <member name="P:Enkoni.Framework.ServiceModel.Properties.LogMessages.Culture">
            <summary>
              Overrides the current thread's CurrentUICulture property for all
              resource lookups using this strongly typed resource class.
            </summary>
        </member>
        <member name="P:Enkoni.Framework.ServiceModel.Properties.LogMessages.VerboseDisposingInstance">
            <summary>
              Looks up a localized string similar to Going to dispose instance of type .
            </summary>
        </member>
    </members>
</doc>
