<?xml version="1.0"?>
<doc>
    <assembly>
        <name>Enkoni.Framework.Specifications</name>
    </assembly>
    <members>
        <member name="T:Enkoni.Framework.CombinedSpecification`1">
            <summary>This abstract class defines the basic API of a specification-type that combines two specifications.</summary>
            <typeparam name="T">The type of object that is ultimately selected by the specification.</typeparam>
        </member>
        <member name="M:Enkoni.Framework.CombinedSpecification`1.#ctor(Enkoni.Framework.ISpecification{`0},Enkoni.Framework.ISpecification{`0})">
            <summary>Initializes a new instance of the <see cref="T:Enkoni.Framework.CombinedSpecification`1"/> class.</summary>
            <param name="leftOperand">The left operand of the combination.</param>
            <param name="rightOperand">The right operand of the combination.</param>
        </member>
        <member name="P:Enkoni.Framework.CombinedSpecification`1.LeftOperand">
            <summary>Gets the left operand of the combination.</summary>
        </member>
        <member name="P:Enkoni.Framework.CombinedSpecification`1.RightOperand">
            <summary>Gets the right operand of the combination.</summary>
        </member>
        <member name="T:Enkoni.Framework.AndSpecification`1">
            <summary>This class contains a specification type that combines two specifications using an AND operation.</summary>
            <typeparam name="T">The type of object that is ultimately selected by the specification.</typeparam>
        </member>
        <member name="M:Enkoni.Framework.AndSpecification`1.#ctor(Enkoni.Framework.ISpecification{`0},Enkoni.Framework.ISpecification{`0})">
            <summary>Initializes a new instance of the <see cref="T:Enkoni.Framework.AndSpecification`1"/> class.</summary>
            <param name="leftOperand">The left operant of the combination.</param>
            <param name="rightOperand">The right operand of the combination.</param>
        </member>
        <member name="M:Enkoni.Framework.AndSpecification`1.VisitCore(Enkoni.Framework.ISpecificationVisitor{`0})">
            <summary>Visits the specification and lets <paramref name="visitor"/> convert the contents of the specification into an expression that can
            be used to perform the actual filtering/selection.</summary>
            <param name="visitor">The instance that will perform the conversion.</param>
            <returns>The expression that was created using this specification.</returns>
        </member>
        <member name="T:Enkoni.Framework.BusinessRuleSpecification`1">
            <summary>This class implements a specific Specification type that holds information about a special business rule.</summary>
            <typeparam name="T">The type of object to which the specification applies.</typeparam>
        </member>
        <member name="M:Enkoni.Framework.BusinessRuleSpecification`1.#ctor(System.String,System.Object[])">
            <summary>Initializes a new instance of the <see cref="T:Enkoni.Framework.BusinessRuleSpecification`1"/> class.</summary>
            <param name="ruleName">The name of the rule that must be executed.</param>
            <param name="arguments">The arguments that must be used by the business rule.</param>
        </member>
        <member name="P:Enkoni.Framework.BusinessRuleSpecification`1.RuleName">
            <summary>Gets the name of the business rule that must be executed.</summary>
        </member>
        <member name="P:Enkoni.Framework.BusinessRuleSpecification`1.RuleArguments">
            <summary>Gets any arguments that were passed and may be required to execute the business rule.</summary>
        </member>
        <member name="M:Enkoni.Framework.BusinessRuleSpecification`1.VisitCore(Enkoni.Framework.ISpecificationVisitor{`0})">
            <summary>Visits the specification and lets <paramref name="visitor"/> convert the contents of the specification into an expression that can
            be used to perform the actual filtering/selection.</summary>
            <param name="visitor">The instance that will perform the conversion.</param>
            <returns>The expression that was created using this specification.</returns>
        </member>
        <member name="T:Enkoni.Framework.Linq.SpecificationsQueryable">
            <summary>This class contains some all-purpose extension-methods.</summary>
        </member>
        <member name="M:Enkoni.Framework.Linq.SpecificationsQueryable.OrderBy``1(System.Linq.IQueryable{``0},Enkoni.Framework.SortSpecifications{``0})">
            <summary>Sorts the sequence according to the sort specifications.</summary>
            <typeparam name="T">The type of object that must be sorted.</typeparam>
            <param name="source">The sequence that must be sorted.</param>
            <param name="sortSpecifications">The specifications for the sorting.</param>
            <returns>The sorted sequence.</returns>
        </member>
        <member name="T:Enkoni.Framework.Linq.SpecificationsEnumerable">
            <summary>This class contains some all-purpose extension-methods.</summary>
        </member>
        <member name="M:Enkoni.Framework.Linq.SpecificationsEnumerable.OrderBy``1(System.Collections.Generic.IEnumerable{``0},Enkoni.Framework.SortSpecifications{``0})">
            <summary>Sorts the sequence according to the sort specifications.</summary>
            <typeparam name="T">The type of object that must be sorted.</typeparam>
            <param name="source">The sequence that must be sorted.</param>
            <param name="sortSpecifications">The specifications for the sorting.</param>
            <returns>The sorted sequence.</returns>
        </member>
        <member name="T:Enkoni.Framework.SortSpecificationsEventArgs`1">
            <summary>Represents a generic type of <see cref="T:System.EventArgs"/> that holds a single value.</summary>
            <typeparam name="T">The type of the value that is passed with the event.</typeparam>
        </member>
        <member name="M:Enkoni.Framework.SortSpecificationsEventArgs`1.#ctor(Enkoni.Framework.SortSpecifications{`0})">
            <summary>Initializes a new instance of the <see cref="T:Enkoni.Framework.SortSpecificationsEventArgs`1"/> class.</summary>
            <param name="eventValue">The value that must be passed to the event handler.</param>
        </member>
        <member name="T:Enkoni.Framework.SortSpecifications`1">
            <summary>This class holds a collection of sort specifications which can be used to sort a sequence of <typeparamref name="T"/>.</summary>
            <typeparam name="T">The type of object that must be sorted.</typeparam>
        </member>
        <member name="F:Enkoni.Framework.SortSpecifications`1.sortingSpecifications">
            <summary>The collection of sort specifications.</summary>
        </member>
        <member name="M:Enkoni.Framework.SortSpecifications`1.#ctor">
            <summary>Initializes a new instance of the <see cref="T:Enkoni.Framework.SortSpecifications`1"/> class.</summary>
        </member>
        <member name="M:Enkoni.Framework.SortSpecifications`1.Sort(System.Linq.IQueryable{`0})">
            <summary>Sorts a sequence according to the specifications that are held by this instance.</summary>
            <param name="query">The sequence that must be sorted.</param>
            <returns>The sorted sequence.</returns>
        </member>
        <member name="M:Enkoni.Framework.SortSpecifications`1.Sort(System.Collections.Generic.IEnumerable{`0})">
            <summary>Sorts a sequence according to the specifications that are held by this instance.</summary>
            <param name="query">The sequence that must be sorted.</param>
            <returns>The sorted sequence.</returns>
        </member>
        <member name="M:Enkoni.Framework.SortSpecifications`1.Add(Enkoni.Framework.ISortSpecification{`0})">
            <summary>Adds a new sort specification to the collection.</summary>
            <param name="sortSpecification">The sort specification that must be added.</param>
        </member>
        <member name="M:Enkoni.Framework.SortSpecifications`1.AddRange(Enkoni.Framework.SortSpecifications{`0})">
            <summary>Adds a new collection of sort specifications to the collection.</summary>
            <param name="sortSpecifications">The sort specifications that must be added.</param>
        </member>
        <member name="M:Enkoni.Framework.SortSpecifications`1.Clear">
            <summary>Removes all the sort specifications from the collection.</summary>
        </member>
        <member name="T:Enkoni.Framework.SortSpecification`2">
            <summary>Implements the <see cref="T:Enkoni.Framework.ISortSpecification`1"/>.</summary>
            <typeparam name="T">The type of object that must be sorted.</typeparam>
            <typeparam name="TKey">The type of the key that is used to perform the sorting.</typeparam>
        </member>
        <member name="F:Enkoni.Framework.SortSpecification`2.sortDirection">
            <summary>Defines the direction of the ordering.</summary>
        </member>
        <member name="F:Enkoni.Framework.SortSpecification`2.sortExpression">
            <summary>Defines the expression that must be used to perform the sorting.</summary>
        </member>
        <member name="M:Enkoni.Framework.SortSpecification`2.#ctor(System.Linq.Expressions.Expression{System.Func{`0,`1}})">
            <summary>Initializes a new instance of the <see cref="T:Enkoni.Framework.SortSpecification`2"/> class using the ascending sort order as default sort
            direction.</summary>
            <param name="sortExpression">The expression that is used for the sorting.</param>
        </member>
        <member name="M:Enkoni.Framework.SortSpecification`2.#ctor(System.Linq.Expressions.Expression{System.Func{`0,`1}},Enkoni.Framework.SortOrder)">
            <summary>Initializes a new instance of the <see cref="T:Enkoni.Framework.SortSpecification`2"/> class.</summary>
            <param name="sortExpression">The expression that is used for the sorting.</param>
            <param name="sortDirection">The direction of the sorting.</param>
        </member>
        <member name="M:Enkoni.Framework.SortSpecification`2.OrderBy(System.Linq.IQueryable{`0})">
            <summary>Sorts the elements of a sequence.</summary>
            <param name="query">The sequence that must be sorted.</param>
            <returns>The sorted sequence.</returns>
        </member>
        <member name="M:Enkoni.Framework.SortSpecification`2.OrderBy(System.Collections.Generic.IEnumerable{`0})">
            <summary>Sorts the elements of a sequence.</summary>
            <param name="query">The sequence that must be sorted.</param>
            <returns>The sorted sequence.</returns>
        </member>
        <member name="M:Enkoni.Framework.SortSpecification`2.ThenBy(System.Linq.IOrderedQueryable{`0})">
            <summary>Performs a subsequent ordering of the elements in a sequence.</summary>
            <param name="query">The sequence that must be sorted.</param>
            <returns>The sorted sequence.</returns>
        </member>
        <member name="M:Enkoni.Framework.SortSpecification`2.ThenBy(System.Linq.IOrderedEnumerable{`0})">
            <summary>Performs a subsequent ordering of the elements in a sequence.</summary>
            <param name="query">The sequence that must be sorted.</param>
            <returns>The sorted sequence.</returns>
        </member>
        <member name="T:Enkoni.Framework.ISortSpecification`1">
            <summary>Defines a type that is able to sort a collection using the specification system.</summary>
            <typeparam name="T">The type of object that must be sorted.</typeparam>
        </member>
        <member name="M:Enkoni.Framework.ISortSpecification`1.OrderBy(System.Linq.IQueryable{`0})">
            <summary>Sorts the elements of a sequence.</summary>
            <param name="query">The sequence that must be sorted.</param>
            <returns>The sorted sequence.</returns>
        </member>
        <member name="M:Enkoni.Framework.ISortSpecification`1.OrderBy(System.Collections.Generic.IEnumerable{`0})">
            <summary>Sorts the elements of a sequence.</summary>
            <param name="query">The sequence that must be sorted.</param>
            <returns>The sorted sequence.</returns>
        </member>
        <member name="M:Enkoni.Framework.ISortSpecification`1.ThenBy(System.Linq.IOrderedQueryable{`0})">
            <summary>Performs a subsequent ordering of the elements in a sequence.</summary>
            <param name="query">The sequence that must be sorted.</param>
            <returns>The sorted sequence.</returns>
        </member>
        <member name="M:Enkoni.Framework.ISortSpecification`1.ThenBy(System.Linq.IOrderedEnumerable{`0})">
            <summary>Performs a subsequent ordering of the elements in a sequence.</summary>
            <param name="query">The sequence that must be sorted.</param>
            <returns>The sorted sequence.</returns>
        </member>
        <member name="T:Enkoni.Framework.ISpecificationVisitor`1">
            <summary>This interface describes the public API of a visitor class that can be used to visit a specification using the visitor Design Pattern.
            </summary>
            <typeparam name="T">The type of object that is ultimately selected using the specification.</typeparam>
        </member>
        <member name="M:Enkoni.Framework.ISpecificationVisitor`1.CreateLambdaExpression(System.Linq.Expressions.Expression{System.Func{`0,System.Boolean}})">
            <summary>Creates a lambda-expression using the specified expression. Typically, this method simply returns the parameter.</summary>
            <param name="expression">The expression that was originally passed to the specification.</param>
            <returns>The created expression.</returns>
        </member>
        <member name="M:Enkoni.Framework.ISpecificationVisitor`1.CreateNotExpression(Enkoni.Framework.ISpecification{`0})">
            <summary>Creates a NOT-expression using the specified specification.</summary>
            <param name="specification">The specification whose result must be inverted.</param>
            <returns>The created expression.</returns>
        </member>
        <member name="M:Enkoni.Framework.ISpecificationVisitor`1.CreateLikeExpression(System.Linq.Expressions.Expression{System.Func{`0,System.String}},System.String)">
            <summary>Creates a LIKE-expression using the specified field and search pattern.</summary>
            <param name="field">The field of type <c>T</c> that must match the pattern.</param>
            <param name="pattern">The pattern to which the field must apply. The pattern may contain a '*' and '?' wildcard.</param>
            <returns>The created expression.</returns>
        </member>
        <member name="M:Enkoni.Framework.ISpecificationVisitor`1.CreateAndExpression(Enkoni.Framework.ISpecification{`0},Enkoni.Framework.ISpecification{`0})">
            <summary>Creates an AND-expression using the two specified specifications.</summary>
            <param name="leftOperand">The left operand of the combination.</param>
            <param name="rightOperand">The right operand of the combination.</param>
            <returns>The created expression.</returns>
        </member>
        <member name="M:Enkoni.Framework.ISpecificationVisitor`1.CreateOrExpression(Enkoni.Framework.ISpecification{`0},Enkoni.Framework.ISpecification{`0})">
            <summary>Creates an OR-expression using the two specified specifications.</summary>
            <param name="leftOperand">The left operand of the combination.</param>
            <param name="rightOperand">The right operand of the combination.</param>
            <returns>The created expression.</returns>
        </member>
        <member name="M:Enkoni.Framework.ISpecificationVisitor`1.CreateCustomExpression(Enkoni.Framework.ISpecification{`0})">
            <summary>Creates an expression using the custom specification. This method is executed when a specification-type is used that is not part of
            the default specification system.</summary>
            <param name="specification">The custom specification.</param>
            <returns>The created expression.</returns>
        </member>
        <member name="T:Enkoni.Framework.LikeSpecification`1">
            <summary>This class defines a specification type that matches using a string-pattern.</summary>
            <typeparam name="T">The type of object to which the specification applies.</typeparam>
        </member>
        <member name="M:Enkoni.Framework.LikeSpecification`1.#ctor(System.Linq.Expressions.Expression{System.Func{`0,System.String}},System.String)">
            <summary>Initializes a new instance of the <see cref="T:Enkoni.Framework.LikeSpecification`1"/> class.</summary>
            <param name="field">The field that must match the pattern.</param>
            <param name="pattern">The search-pattern.</param>
        </member>
        <member name="P:Enkoni.Framework.LikeSpecification`1.Field">
            <summary>Gets the field that must match the pattern.</summary>
        </member>
        <member name="P:Enkoni.Framework.LikeSpecification`1.Pattern">
            <summary>Gets the search-pattern.</summary>
        </member>
        <member name="M:Enkoni.Framework.LikeSpecification`1.VisitCore(Enkoni.Framework.ISpecificationVisitor{`0})">
            <summary>Visits the specification and lets <paramref name="visitor"/> convert the contents of the specification into an expression that can
            be used to perform the actual filtering/selection.</summary>
            <param name="visitor">The instance that will perform the conversion.</param>
            <returns>The expression that was created using this specification.</returns>
        </member>
        <member name="T:Enkoni.Framework.NotSpecification`1">
            <summary>This class implements a specific Specification-type that uses a lambda expression to define the desired specification. The expression
            must not be true in order for it to pass this specification.</summary>
            <typeparam name="T">The type of object to which the specification applies.</typeparam>
        </member>
        <member name="M:Enkoni.Framework.NotSpecification`1.#ctor(System.Linq.Expressions.Expression{System.Func{`0,System.Boolean}})">
            <summary>Initializes a new instance of the <see cref="T:Enkoni.Framework.NotSpecification`1"/> class.</summary>
            <param name="function">The function that equals the search pattern that is implemented by the type.</param>
        </member>
        <member name="M:Enkoni.Framework.NotSpecification`1.#ctor(Enkoni.Framework.ISpecification{`0})">
            <summary>Initializes a new instance of the <see cref="T:Enkoni.Framework.NotSpecification`1"/> class.</summary>
            <param name="specification">The specification that must not be met.</param>
        </member>
        <member name="P:Enkoni.Framework.NotSpecification`1.Specification">
            <summary>Gets the specification whose result must be negated.</summary>
        </member>
        <member name="M:Enkoni.Framework.NotSpecification`1.VisitCore(Enkoni.Framework.ISpecificationVisitor{`0})">
            <summary>Visits the specification and lets <paramref name="visitor"/> convert the contents of the specification into an expression that can
            be used to perform the actual filtering/selection.</summary>
            <param name="visitor">The instance that will perform the conversion.</param>
            <returns>The expression that was created using this specification.</returns>
        </member>
        <member name="T:Enkoni.Framework.OrSpecification`1">
            <summary>This class contains a specification type that combines two specifications using an OR operation.</summary>
            <typeparam name="T">The type of object that is ultimately selected by the specification.</typeparam>
        </member>
        <member name="M:Enkoni.Framework.OrSpecification`1.#ctor(Enkoni.Framework.ISpecification{`0},Enkoni.Framework.ISpecification{`0})">
            <summary>Initializes a new instance of the <see cref="T:Enkoni.Framework.OrSpecification`1"/> class.</summary>
            <param name="leftOperand">The left operant of the combination.</param>
            <param name="rightOperand">The right operand of the combination.</param>
        </member>
        <member name="M:Enkoni.Framework.OrSpecification`1.VisitCore(Enkoni.Framework.ISpecificationVisitor{`0})">
            <summary>Visits the specification and lets <paramref name="visitor"/> convert the contents of the specification into an expression that can
            be used to perform the actual filtering/selection.</summary>
            <param name="visitor">The instance that will perform the conversion.</param>
            <returns>The expression that was created using this specification.</returns>
        </member>
        <member name="T:Enkoni.Framework.Specification">
            <summary>This class contains static members that would normally be part of the <see cref="T:Enkoni.Framework.Specification`1"/> class, but since that class is
            generic the static members are placed in this non-generic counterpart to avoid possible confusion about the use of the methods.</summary>
        </member>
        <member name="M:Enkoni.Framework.Specification.All``1">
            <summary>Creates a specification that will return all available objects.</summary>
            <typeparam name="T">The type of object that is ultimately selected by the specification.</typeparam>
            <returns>A specification that will return all available objects.</returns>
        </member>
        <member name="M:Enkoni.Framework.Specification.None``1">
            <summary>Creates a specification that will return none of the available objects.</summary>
            <typeparam name="T">The type of object that is ultimately selected by the specification.</typeparam>
            <returns>A specification that will return none of the available objects.</returns>
        </member>
        <member name="M:Enkoni.Framework.Specification.Lambda``1(System.Linq.Expressions.Expression{System.Func{``0,System.Boolean}})">
            <summary>Creates a specification that will return the objects that match the specified expression.</summary>
            <typeparam name="T">The type of object that is ultimately selected by the specification.</typeparam>
            <param name="expression">The expression that acts as a filter.</param>
            <returns>A specification that will only return the objects that match the expression.</returns>
        </member>
        <member name="M:Enkoni.Framework.Specification.Like``1(System.Linq.Expressions.Expression{System.Func{``0,System.String}},System.String)">
            <summary>Creates a specification that will return the objects for which the specified field matches the specified pattern. The pattern
            supports two types of wildcards. The '*' wildcard matches any character (zero or more times) and the '?' wildcard matches exactly one
            character.</summary>
            <typeparam name="T">The type of object that is ultimately selected by the specification.</typeparam>
            <param name="field">The field that must match the expression.</param>
            <param name="pattern">The search-pattern.</param>
            <returns>A specification that will return only the objects for which the field matches the search-pattern.</returns>
        </member>
        <member name="M:Enkoni.Framework.Specification.Not``1(System.Linq.Expressions.Expression{System.Func{``0,System.Boolean}})">
            <summary>Creates a specification that will return the objects that do not match the specified expression.</summary>
            <typeparam name="T">The type of object that is ultimately selected by the specification.</typeparam>
            <param name="expression">The expression that acts as a filter.</param>
            <returns>A specification that will only return the objects that do not match the expression.</returns>
        </member>
        <member name="M:Enkoni.Framework.Specification.Not``1(Enkoni.Framework.ISpecification{``0})">
            <summary>Creates a specification that will return the objects that do not match the specified expression.</summary>
            <typeparam name="T">The type of object that is ultimately selected by the specification.</typeparam>
            <param name="specification">The specification that acts as a filter.</param>
            <returns>A specification that will only return the objects that do not match the specification.</returns>
        </member>
        <member name="M:Enkoni.Framework.Specification.BusinessRule``1(System.String,System.Object[])">
            <summary>Creates a specification that holds information about a business rule that must be executed.</summary>
            <typeparam name="T">The type of object that is ultimately selected by the specification.</typeparam>
            <param name="ruleName">The name of the rule that must be executed.</param>
            <param name="ruleArguments">The arguments that must be used by the business rule.</param>
            <returns>A specification that holds information about a business rule.</returns>
        </member>
        <member name="T:Enkoni.Framework.Specification`1">
            <summary>This class contains the basic functionality for any specification-class.</summary>
            <typeparam name="T">The type of object that is ultimately selected by the specification.</typeparam>
        </member>
        <member name="F:Enkoni.Framework.Specification`1.maxResultsUpdated">
            <summary>The delegate that holds the references to the various event handlers. Normally, there will be at most one handler.</summary>
        </member>
        <member name="F:Enkoni.Framework.Specification`1.maxResultsChangePending">
            <summary>Indicates if there is a change-event pending.</summary>
        </member>
        <member name="F:Enkoni.Framework.Specification`1.sortRulesUpdated">
            <summary>The delegate that holds the references to the various event handlers. Normally, there will be at most one handler.</summary>
        </member>
        <member name="F:Enkoni.Framework.Specification`1.sortRulesChangePending">
            <summary>Indicates if there is a change-event pending.</summary>
        </member>
        <member name="F:Enkoni.Framework.Specification`1.includePathUpdated">
            <summary>The delegate that holds the references to the various event handlers. Normally, there will be at most one handler.</summary>
        </member>
        <member name="F:Enkoni.Framework.Specification`1.includePathChangePending">
            <summary>Indicates if there is a change-event pending.</summary>
        </member>
        <member name="M:Enkoni.Framework.Specification`1.#ctor">
            <summary>Initializes a new instance of the <see cref="T:Enkoni.Framework.Specification`1"/> class.</summary>
        </member>
        <member name="E:Enkoni.Framework.Specification`1.MaximumResultsUpdated">
            <summary>Occurs when the maximum number of records has changed.</summary>
        </member>
        <member name="E:Enkoni.Framework.Specification`1.SortRulesUpdated">
            <summary>Occurs when the sort rules have been updated.</summary>
        </member>
        <member name="E:Enkoni.Framework.Specification`1.IncludePathUpdated">
            <summary>Occurs when the include path has changed.</summary>
        </member>
        <member name="P:Enkoni.Framework.Specification`1.MaximumResults">
            <summary>Gets the maximum number of records that must be retrieved using this specification.</summary>
        </member>
        <member name="P:Enkoni.Framework.Specification`1.SortRules">
            <summary>Gets the sorting rules that are specified.</summary>
        </member>
        <member name="P:Enkoni.Framework.Specification`1.IncludePaths">
            <summary>Gets the dot-separated lists of related objects to return in the query results.</summary>
        </member>
        <member name="M:Enkoni.Framework.Specification`1.SetMaximumResults(System.Int32)">
            <summary>Sets the maximum number of records that must be retrieved using the specification.</summary>
            <param name="maximum">The maximum number. A value of '-1' means 'retrieve all'.</param>
        </member>
        <member name="M:Enkoni.Framework.Specification`1.Include(System.String)">
            <summary>Sets the include path that must be considered when using the specification.</summary>
            <param name="includePath">The dot-separated list of related objects to return in the query results.</param>
        </member>
        <member name="M:Enkoni.Framework.Specification`1.OrderBy``1(System.Linq.Expressions.Expression{System.Func{`0,``0}})">
            <summary>Specifies the way the sequence must be sorted. It used a default sort order of ascending.</summary>
            <typeparam name="TKey">The type of object that must be used to perform the sorting.</typeparam>
            <param name="keySelector">The expression that points to the field that must be used to perform the sorting.</param>
            <returns>The specification with the sorting rules.</returns>
        </member>
        <member name="M:Enkoni.Framework.Specification`1.OrderByDescending``1(System.Linq.Expressions.Expression{System.Func{`0,``0}})">
            <summary>Specifies the way the sequence must be sorted. It used a default sort order of descending.</summary>
            <typeparam name="TKey">The type of object that must be used to perform the sorting.</typeparam>
            <param name="keySelector">The expression that points to the field that must be used to perform the sorting.</param>
            <returns>The specification with the sorting rules.</returns>
        </member>
        <member name="M:Enkoni.Framework.Specification`1.OrderBy``1(System.Linq.Expressions.Expression{System.Func{`0,``0}},Enkoni.Framework.SortOrder)">
            <summary>Specifies the way the sequence must be sorted.</summary>
            <typeparam name="TKey">The type of object that must be used to perform the sorting.</typeparam>
            <param name="keySelector">The expression that points to the field that must be used to perform the sorting.</param>
            <param name="direction">The direction that the ordering must take place in.</param>
            <returns>The specification with the sorting rules.</returns>
        </member>
        <member name="M:Enkoni.Framework.Specification`1.OrderBy(Enkoni.Framework.SortSpecifications{`0})">
            <summary>Specifies the way the sequence must be sorted.</summary>
            <param name="sortSpecifications">The specifications that define the way the sequence must be sorted.</param>
            <returns>The specification with the sorting rules.</returns>
        </member>
        <member name="M:Enkoni.Framework.Specification`1.And(Enkoni.Framework.ISpecification{`0})">
            <summary>Creates an 'And' specification that can be used to combine two specifications and compare them using the '&amp;&amp;' operation.
            </summary>
            <param name="specification">The specification that must be combined.</param>
            <returns>The combined specification.</returns>
        </member>
        <member name="M:Enkoni.Framework.Specification`1.Or(Enkoni.Framework.ISpecification{`0})">
            <summary>Creates an 'Or' specification that can be used to combine two specifications and compare them using the '||' operation.</summary>
            <param name="specification">The specification that must be combined.</param>
            <returns>The combined specification.</returns>
        </member>
        <member name="M:Enkoni.Framework.Specification`1.Visit(Enkoni.Framework.ISpecificationVisitor{`0})">
            <summary>Visits the specification and lets <paramref name="visitor"/> convert the contents of the specification into an expression that can
            be used to perform the actual filtering/selection.</summary>
            <param name="visitor">The instance that will perform the conversion.</param>
            <returns>The expression that was created using this specification.</returns>
            <exception cref="T:System.ArgumentNullException">Parameter is <see langword="null"/>.</exception>
        </member>
        <member name="M:Enkoni.Framework.Specification`1.HandleMaximumResultsUpdated(System.Object,Enkoni.Framework.EventArgs{System.Int32})">
            <summary>Handles the occurrence of a changed maximum for the number of records that must be retrieved.</summary>
            <param name="sender">The object that raised the event.</param>
            <param name="args">Some additional information regarding the event.</param>
        </member>
        <member name="M:Enkoni.Framework.Specification`1.HandleOrderByRulesUpdated(System.Object,Enkoni.Framework.SortSpecificationsEventArgs{`0})">
            <summary>Handles the occurrence of a changed set of sorting rules.</summary>
            <param name="sender">The object that raised the event.</param>
            <param name="args">Some additional information regarding the event.</param>
        </member>
        <member name="M:Enkoni.Framework.Specification`1.HandleIncludePathUpdated(System.Object,Enkoni.Framework.EventArgs{System.String})">
            <summary>Handles the occurrence of a changed include path.</summary>
            <param name="sender">The object that raised the event.</param>
            <param name="args">Some additional information regarding the event.</param>
        </member>
        <member name="M:Enkoni.Framework.Specification`1.VisitCore(Enkoni.Framework.ISpecificationVisitor{`0})">
            <summary>Visits the specification and lets <paramref name="visitor"/> convert the contents of the specification into an expression that can
            be used to perform the actual filtering/selection.</summary>
            <param name="visitor">The instance that will perform the conversion.</param>
            <returns>The expression that was created using this specification.</returns>
        </member>
        <member name="T:Enkoni.Framework.ISpecification`1">
            <summary>This interface describes the public API of the classes that make up the specification subsystem that is implemented using the
            Specification Pattern.</summary>
            <typeparam name="T">The type of object that is ultimately selected by the specification.</typeparam>
        </member>
        <member name="E:Enkoni.Framework.ISpecification`1.MaximumResultsUpdated">
            <summary>Occurs when the maximum number of records has changed.</summary>
        </member>
        <member name="E:Enkoni.Framework.ISpecification`1.SortRulesUpdated">
            <summary>Occurs when the sorting rules have changed.</summary>
        </member>
        <member name="E:Enkoni.Framework.ISpecification`1.IncludePathUpdated">
            <summary>Occurs when the include path has changed.</summary>
        </member>
        <member name="P:Enkoni.Framework.ISpecification`1.MaximumResults">
            <summary>Gets the maximum number of results that must be returned by the specification.</summary>
        </member>
        <member name="P:Enkoni.Framework.ISpecification`1.SortRules">
            <summary>Gets the sorting rules.</summary>
        </member>
        <member name="P:Enkoni.Framework.ISpecification`1.IncludePaths">
            <summary>Gets the dot-separated lists of related objects to return in the query results.</summary>
        </member>
        <member name="M:Enkoni.Framework.ISpecification`1.And(Enkoni.Framework.ISpecification{`0})">
            <summary>Creates an 'And' specification that can be used to combine two specifications and compare them using the '&amp;&amp;' operation.
            </summary>
            <param name="specification">The specification that must be combined.</param>
            <returns>The combined specification.</returns>
        </member>
        <member name="M:Enkoni.Framework.ISpecification`1.Or(Enkoni.Framework.ISpecification{`0})">
            <summary>Creates an 'Or' specification that can be used to combine two specifications and compare them using the '||' operation.</summary>
            <param name="specification">The specification that must be combined.</param>
            <returns>The combined specification.</returns>
        </member>
        <member name="M:Enkoni.Framework.ISpecification`1.SetMaximumResults(System.Int32)">
            <summary>Sets the maximum number of records that must be retrieved using the specification.</summary>
            <param name="maximum">The maximum number. A value of '-1' means 'retrieve all'.</param>
        </member>
        <member name="M:Enkoni.Framework.ISpecification`1.Include(System.String)">
            <summary>Sets the include path that must be considered when using the specification.</summary>
            <param name="includePath">The dot-separated list of related objects to return in the query results.</param>
        </member>
        <member name="M:Enkoni.Framework.ISpecification`1.OrderBy``1(System.Linq.Expressions.Expression{System.Func{`0,``0}})">
            <summary>Specifies the way the sequence must be sorted. It used a default sort order of ascending.</summary>
            <typeparam name="TKey">The type of object that must be used to perform the sorting.</typeparam>
            <param name="keySelector">The expression that points to the field that must be used to perform the sorting.</param>
            <returns>The specification with the sorting rules.</returns>
        </member>
        <member name="M:Enkoni.Framework.ISpecification`1.OrderBy``1(System.Linq.Expressions.Expression{System.Func{`0,``0}},Enkoni.Framework.SortOrder)">
            <summary>Specifies the way the sequence must be sorted.</summary>
            <typeparam name="TKey">The type of object that must be used to perform the sorting.</typeparam>
            <param name="keySelector">The expression that points to the field that must be used to perform the sorting.</param>
            <param name="direction">The direction that the ordering must take place in.</param>
            <returns>The specification with the sorting rules.</returns>
        </member>
        <member name="M:Enkoni.Framework.ISpecification`1.OrderByDescending``1(System.Linq.Expressions.Expression{System.Func{`0,``0}})">
            <summary>Specifies the way the sequence must be sorted. It used a default sort order of descending.</summary>
            <typeparam name="TKey">The type of object that must be used to perform the sorting.</typeparam>
            <param name="keySelector">The expression that points to the field that must be used to perform the sorting.</param>
            <returns>The specification with the sorting rules.</returns>
        </member>
        <member name="M:Enkoni.Framework.ISpecification`1.Visit(Enkoni.Framework.ISpecificationVisitor{`0})">
            <summary>Visits the specification and lets <paramref name="visitor"/> convert the contents of the specification into an expression that can
            be used to perform the actual filtering/selection.</summary>
            <param name="visitor">The instance that will perform the conversion.</param>
            <returns>The expression that was created using this specification.</returns>
        </member>
        <member name="T:Enkoni.Framework.LambdaSpecification`1">
            <summary>This class implements a specific Specification-type that uses a lambda expression to define the desired specification.</summary>
            <typeparam name="T">The type of object to which the specification applies.</typeparam>
        </member>
        <member name="M:Enkoni.Framework.LambdaSpecification`1.#ctor(System.Linq.Expressions.Expression{System.Func{`0,System.Boolean}})">
            <summary>Initializes a new instance of the <see cref="T:Enkoni.Framework.LambdaSpecification`1"/> class.</summary>
            <param name="function">The function that equals the search pattern that is implemented by the type.</param>
        </member>
        <member name="P:Enkoni.Framework.LambdaSpecification`1.Expression">
            <summary>Gets the function that equals the search-pattern that is implemented by this type.</summary>
        </member>
        <member name="M:Enkoni.Framework.LambdaSpecification`1.VisitCore(Enkoni.Framework.ISpecificationVisitor{`0})">
            <summary>Visits the specification and lets <paramref name="visitor"/> convert the contents of the specification into an expression that can
            be used to perform the actual filtering/selection.</summary>
            <param name="visitor">The instance that will perform the conversion.</param>
            <returns>The expression that was created using this specification.</returns>
        </member>
    </members>
</doc>
